build_id,car_id,make,model,variant,year,mods_applied,mod_description,result_hp,result_torque,result_0_100,result_top_speed,result_quarter_mile,measurement_type,source_type,source_url,confidence
BUILD_6BD156C8,CAR_5256C2C6,VW,Golf GTI,Mk7 2.0 TSI IS20,2015.0,Stage 1 ECU;Intake,APR Stage 1 ECU remap + cold air intake,260.0,370.0,6.0,255.0,13.9,dyno,community,static_curated,0.75
BUILD_67DF6832,CAR_5256C2C6,VW,Golf GTI,Mk7 2.0 TSI IS20,2015.0,Stage 2 ECU;Intake;Downpipe;FMIC,APR Stage 2: ECU + intake + downpipe + front-mount intercooler,320.0,430.0,5.3,270.0,13.2,dyno,community,static_curated,0.75
BUILD_2D84249F,CAR_5256C2C6,VW,Golf GTI,Mk7 2.0 TSI IS20,2015.0,IS38 Turbo Upgrade;Stage 2 ECU;Intake;Downpipe;FMIC;DSG Tune,IS38 swap + full Stage 2 supporting mods + DSG remap,390.0,490.0,4.7,282.0,12.6,dyno,community,static_curated,0.75
BUILD_CD8901F7,CAR_5256C2C6,VW,Golf GTI,Mk7.5 2.0 TSI IS38,2018.0,Stage 1 ECU,"Unitronic Stage 1 ECU remap only, bolt-on safe",295.0,410.0,5.5,262.0,13.5,dyno,community,static_curated,0.75
BUILD_DDC7A43D,CAR_5256C2C6,VW,Golf GTI,Mk7.5 2.0 TSI IS38,2018.0,Stage 2 ECU;Intake;Downpipe;FMIC;DSG Tune,Unitronic Stage 2 full: ECU + Milltek downpipe + FMIC + DSG,380.0,490.0,4.8,280.0,12.8,dyno,community,static_curated,0.75
BUILD_CDB6E66C,CAR_BA0EBC6F,VW,Golf R,Mk7 2.0 TSI 4Motion,2016.0,Stage 1 ECU,"APR Stage 1, bolt-on only",360.0,460.0,4.5,275.0,12.8,dyno,community,static_curated,0.75
BUILD_800A37B3,CAR_BA0EBC6F,VW,Golf R,Mk7 2.0 TSI 4Motion,2016.0,Stage 2 ECU;Downpipe;FMIC;Intake;DSG Tune,Stage 2 full bolt-on: remap + downpipe + FMIC + intake + DSG,430.0,520.0,4.0,285.0,12.0,dyno,community,static_curated,0.75
BUILD_2D72D476,CAR_C531A25D,Audi,S3,8V 2.0 TFSI,2015.0,Stage 1 ECU,Revo Stage 1 ECU remap,340.0,450.0,4.6,272.0,13.0,dyno,community,static_curated,0.75
BUILD_288444AD,CAR_C531A25D,Audi,S3,8V 2.0 TFSI,2015.0,Stage 2 ECU;Downpipe;FMIC;Intake,Stage 2: Revo ECU + VRSF downpipe + FMIC + intake,400.0,510.0,4.1,285.0,12.4,dyno,community,static_curated,0.75
BUILD_9343197F,CAR_813EA7A5,BMW,M3,F80 3.0 S55,2016.0,Stage 1 ECU;Downpipe,MHD Stage 2 flash + catless downpipes,480.0,620.0,3.8,300.0,11.8,dyno,community,static_curated,0.75
BUILD_26A7DBB7,CAR_C56A2FD9,BMW,M4,F82 3.0 S55,2017.0,Stage 2 ECU;Downpipe;FMIC;Charge Pipe,MHD Stage 2 + Wagner FMIC + catless DP + charge pipe,530.0,680.0,3.6,310.0,11.4,dyno,community,static_curated,0.75
BUILD_8A867D4F,CAR_F9118DB0,BMW,335i,F30 3.0 N55,2014.0,Stage 1 ECU;Downpipe,MHD Stage 1+ with catless downpipe,380.0,520.0,4.4,285.0,12.5,dyno,community,static_curated,0.75
BUILD_6EA5F78F,CAR_7C9F1F7C,Subaru,WRX STI,VA 2.5 EJ257,2016.0,Stage 1 ECU;Intake;Downpipe,Cobb Accessport Stage 2 OTS map + intake + Invidia DP,340.0,440.0,5.0,255.0,13.2,dyno,community,static_curated,0.75
BUILD_BAF5FBE5,CAR_7C9F1F7C,Subaru,WRX STI,VA 2.5 EJ257,2016.0,Turbo Upgrade;TMIC;Injectors;Stage 3 ECU;Exhaust,Blouch 20G turbo + TMIC + 850cc injectors + E85 tune,480.0,580.0,3.9,278.0,11.6,dyno,community,static_curated,0.75
BUILD_CAD769EF,CAR_FBA06F42,Subaru,WRX,VB 2.4 FA24DIT,2022.0,Stage 1 ECU;Intake,Cobb Accessport Stage 1 + Cobb SF intake,310.0,430.0,5.3,250.0,13.5,dyno,community,static_curated,0.75
BUILD_184F50E5,CAR_DBAA02F6,Honda,Civic Type R,FK8 2.0 K20C1,2018.0,Stage 1 ECU;Intake,Hondata FlashPro Stage 1 + J's Racing intake,345.0,430.0,5.4,275.0,13.4,dyno,community,static_curated,0.75
BUILD_A8ECA324,CAR_DBAA02F6,Honda,Civic Type R,FK8 2.0 K20C1,2018.0,Turbo Upgrade;FMIC;Downpipe;Stage 2 ECU;Intake,Precision 6266 turbo + FMIC + Hondata tune + full exhaust,500.0,560.0,4.2,295.0,11.8,dyno,community,static_curated,0.75
BUILD_C3C44220,CAR_B6CF4A99,Mitsubishi,Lancer Evo X,CZ4A 2.0 4B11T,2010.0,Stage 1 ECU;Intake;Downpipe,EvoTune Stage 2 map + Injen intake + catless DP,380.0,480.0,4.2,275.0,12.5,dyno,community,static_curated,0.75
BUILD_5B444DD5,CAR_B6CF4A99,Mitsubishi,Lancer Evo X,CZ4A 2.0 4B11T,2010.0,Turbo Upgrade;FMIC;Injectors;Stage 3 ECU;Exhaust,Garrett GTX3076R + FMIC + 1050cc injectors + EvoTune aggressive map,550.0,640.0,3.4,290.0,10.8,dyno,community,static_curated,0.75
BUILD_3FA92D60,CAR_810C303A,Ford,Focus ST,Mk3 2.0 EcoBoost,2014.0,Stage 1 ECU;Intake,Mountune Stage 1 remap + upgraded intake,282.0,395.0,5.8,256.0,13.8,dyno,community,static_curated,0.75
BUILD_0E80941A,CAR_810C303A,Ford,Focus ST,Mk3 2.0 EcoBoost,2014.0,Stage 2 ECU;FMIC;Intake;Downpipe,Mountune MP275: ECU + FMIC + intake + downpipe,315.0,440.0,5.2,263.0,13.2,dyno,community,static_curated,0.75
BUILD_19C2A555,CAR_0385B6A8,Toyota,GR Yaris,GXPA16 1.6 G16E-GTS,2021.0,Stage 1 ECU;Intake,Ecutek Stage 1 + Ramair intake,295.0,405.0,5.0,240.0,13.3,dyno,community,static_curated,0.75
BUILD_32772629,CAR_0385B6A8,Toyota,GR Yaris,GXPA16 1.6 G16E-GTS,2021.0,Stage 2 ECU;FMIC;Intake;Exhaust,Ecutek Stage 2 + Wagner FMIC + catback exhaust,365.0,475.0,4.3,256.0,12.4,dyno,community,static_curated,0.75
BUILD_149F98A1,CAR_BC5038A5,Mercedes,A45 AMG,W176 2.0 M133,2016.0,Stage 1 ECU;Intake,Weistec W.1 ECU upgrade + performance intake,418.0,535.0,4.0,280.0,12.2,dyno,community,static_curated,0.75
BUILD_DD7C84FA,CAR_56F83E9F,Skoda,Octavia RS,5E 2.0 TSI,2017.0,Stage 1 ECU;Intake,Unitronic Stage 1 + K&N panel filter,268.0,385.0,6.1,256.0,14.0,dyno,community,static_curated,0.75
BUILD_E8B3A6B9,CAR_56F83E9F,Skoda,Octavia RS,5E 2.0 TSI,2017.0,Stage 2 ECU;FMIC;Downpipe;Intake;DSG Tune,Unitronic Stage 2 full package with DSG flash,355.0,465.0,5.2,266.0,13.0,dyno,community,static_curated,0.75
BUILD_12114361,CAR_375399BD,Renault,Megane RS,Mk4 280 EDC,2019.0,Stage 1 ECU,Remap to 340 hp — bolt-on only,340.0,430.0,5.5,265.0,13.6,dyno,community,static_curated,0.75
BUILD_869F139D,CAR_4DD174A1,Porsche,911 Carrera,992 3.0 T,2020.0,Stage 1 ECU,Softronic / TechArt ECU Stage 1,450.0,570.0,3.8,305.0,11.9,dyno,community,static_curated,0.75
BUILD_DC7E3215,CAR_DD426F4C,VW,Polo GTI,AW 2.0 TSI,2019.0,Stage 1 ECU,Revo Stage 1 remap only,235.0,335.0,6.3,242.0,14.4,dyno,community,static_curated,0.75
BUILD_74B7D5E0,CAR_10E5D6D9,SEAT,Leon Cupra,5F 2.0 TSI,2017.0,Stage 2 ECU;Downpipe;FMIC;Intake;DSG Tune,Revo Stage 2 + downpipe + FMIC + intake + DSG,370.0,460.0,4.9,272.0,13.1,dyno,community,static_curated,0.75
BUILD_3B11808C,,Chevrolet,Corvette,Coupe,2006.0,,Engine LS2; Turbos Supercharger:; Supercharger Boost Control; Intercooler Nitrous Kit/System; Nitrous Kit :; Intake & Air Filter Headers; Headers /; Downpipe Midpipe; Exhaust Carburetor; Computer ECU currently can't Tune auto Trans; Clutch Differential; Boost Control :; Pistons :; Pulley Transmission,,,7.29,,13.021,measured,dragtimes,https://www.dragtimes.com/Chevrolet-Corvette-Timeslip-9909.html,0.6
BUILD_90F6451E,,Mitsubishi,3000GT,VR4,1994.0,,Engine 3.0 L V6; Turbos twin AGP L1R; Supercharger Boost Control; Intercooler Nitrous Kit/System; Nitrous Kit :; Intake & Air Filter Headers; Headers /; Downpipe Midpipe; Exhaust custom; Computer ECU AEM; Clutch RPS Carbon-Carbon TwinDisc; Boost Control :; Pistons :; Pulley Transmission,,,5.83,,10.416,measured,dragtimes,https://www.dragtimes.com/Mitsubishi-3000GT-Timeslip-7149.html,0.6
BUILD_808FFACA,,Mitsubishi,Lancer EVO,IX,2006.0,,Nitrous Kit :; Intake & Air Filter Buschur; Headers /; Downpipe Buschur; Exhaust Buschur; Computer ECU Dynoflashed; Clutch Exedy Twin HD; Boost Control :; Pistons :,,,6.47,,11.56,measured,dragtimes,https://www.dragtimes.com/Mitsubishi-Lancer-EVO-Timeslip-8454.html,0.6
BUILD_BB653A14,,Mercedes-Benz,CL65 AMG,Car Year:,2005.0,,Engine Turbos:; Turbos Supercharger:; Supercharger Boost Control; Intercooler CM030 pump; Nitrous Kit :; Intake & Air Filter BMC Drop-in filters; Headers /; Downpipe Midpipe; Exhaust Carburetor; Computer ECU Battery:; Clutch Differential; Boost Control :; Pistons :; Pulley Transmission,,,6.28,,11.209,measured,dragtimes,https://www.dragtimes.com/Mercedes-Benz-CL65-AMG-Timeslip-17956.html,0.6
BUILD_615BAD80,,Mitsubishi,Eclipse,GSX,1992.0,,Engine 2.0L Stock; Turbos Buschur BR440; Intercooler Buschur Race; Nitrous Kit :; Intake & Air Filter Venom; Headers /; Downpipe Extreme 3; Exhaust Extreme 3; Computer ECU DSM Chips; Clutch Clutchmasters Stage 4 (4puck); Boost Control :; Pistons :,,,6.42,,11.465,measured,dragtimes,https://www.dragtimes.com/Mitsubishi-Eclipse-Timeslip-7855.html,0.6
BUILD_7BF4A87D,,Chevrolet,Chevy,Base 2 dr,1977.0,,Engine 1970 heavy 350 stock bore; Turbos No; Supercharger No; Intercooler No; Nitrous Kit :; Intake & Air Filter Open plenum; Headers /; Downpipe 1 3/4; Exhaust No; Computer ECU Na; Clutch Cone; Boost Control :; Pistons :; Pulley Na,,,5.99,,10.7,measured,dragtimes,https://www.dragtimes.com/Chevrolet-Chevy-Timeslip-28605.html,0.6
BUILD_33C9AF31,,Subaru,Outback,2.5XT Limited,2005.0,,Engine Turbos:; Turbos Supercharger:; Supercharger Boost Control; Intercooler Nitrous Kit/System; Nitrous Kit :; Intake & Air Filter Headers; Headers /; Downpipe Midpipe; Exhaust Carburetor; Computer ECU Battery:; Clutch Differential; Boost Control :; Pistons :; Pulley Transmission,,,8.74,,15.61,measured,dragtimes,https://www.dragtimes.com/Subaru-Outback-Timeslip-3540.html,0.6
BUILD_1CCCD5D5,,Honda,Prelude,2.0-16 Turbo,1989.0,,Engine B20A; Turbos Garret T28; Supercharger Boost Control; Intercooler Huge!!  (ex Volvo Truck); Nitrous Kit :; Intake & Air Filter Headers; Headers /; Downpipe Custom; Exhaust Dytec; Computer ECU Link V5; Clutch Heavy duty 4 puck; Boost Control :; Pistons :; Pulley Transmission,,,7.77,,13.88,measured,dragtimes,https://www.dragtimes.com/Honda-Prelude-Timeslip-4872.html,0.6
BUILD_B8B4710D,,Dodge,Neon SRT-4,srt4,2005.0,,Engine 2.4L; Turbos stock turbo; Supercharger no; Intercooler yes   ssac; Nitrous Kit :; Intake & Air Filter aem; Headers /; Downpipe mpx; Exhaust mpx; Computer ECU stage 1; Clutch clucth master stage 4; Boost Control :; Pistons :; Pulley mpx,,,7.09,,12.655,measured,dragtimes,https://www.dragtimes.com/Dodge-Neon-SRT-4-Timeslip-14344.html,0.6
BUILD_1723FD41,,Chevrolet,Corvette,Supercharged with Nitrous,2000.0,,Engine Turbos:; Turbos Supercharger:; Supercharger procharger; Intercooler single; Nitrous Kit :; Intake & Air Filter Headers; Headers /; Downpipe Midpipe; Exhaust Carburetor; Computer ECU Battery:; Clutch pro torque; Boost Control :; Pistons :; Pulley Transmission,,,5.46,,9.75,measured,dragtimes,https://www.dragtimes.com/Chevrolet-Corvette-Timeslip-8155.html,0.6
BUILD_C05247EF,,Chevrolet,Corvette,Car Year:,1970.0,,Engine 511 ci; Turbos Supercharger:; Supercharger Boost Control; Intercooler Nitrous Kit/System; Nitrous Kit :; Intake & Air Filter Headers; Headers /; Downpipe Midpipe; Exhaust Carburetor; Computer ECU Battery:; Clutch Differential; Boost Control :; Pistons :; Pulley Transmission,,,4.98,,8.898,measured,dragtimes,https://www.dragtimes.com/Chevrolet-Corvette-Timeslip-6483.html,0.6
BUILD_EAA90E88,,Mercedes-Benz,E320,CDI,2005.0,,Engine 3.2L I-6 4-valves CDI turbo diesel; Turbos 1; Supercharger Boost Control; Intercooler air / air; Nitrous Kit :; Intake & Air Filter Headers; Headers /; Downpipe Midpipe; Computer ECU RennTech; Clutch Differential; Boost Control :; Pistons :; Pulley Transmission,185.2,300.0,8.43,,15.053,measured,dragtimes,https://www.dragtimes.com/Mercedes-Benz-E320-Timeslip-6916.html,0.6
BUILD_1ABE04F5,,Chrysler,300,C AWD,2008.0,,Engine 5.7; Turbos 7875 Billet; Supercharger Boost Control; Intercooler 31x12x4; Nitrous Kit :; Intake & Air Filter Headers; Headers /; Downpipe 2.5; Exhaust Carburetor; Computer ECU tuned stock; Clutch 3200 stall; Boost Control :; Pistons :; Pulley Transmission,,,5.87,,10.482,measured,dragtimes,https://www.dragtimes.com/Chrysler-300-Timeslip-29743.html,0.6
BUILD_69F4A661,,Tesla,Model 3,AWD AB,2020.0,,Engine Turbos:; Turbos Supercharger:; Supercharger Boost Control; Intercooler Nitrous Kit/System; Nitrous Kit :; Intake & Air Filter Headers; Headers /; Downpipe Midpipe; Exhaust Carburetor; Computer ECU Battery:; Clutch Differential; Boost Control :; Pistons :; Pulley Transmission,,,6.57,,11.74,measured,dragtimes,https://www.dragtimes.com/Tesla-Model-3-Timeslip-32814.html,0.6
BUILD_5832311D,,Jaguar,F-Type,R,2016.0,,Engine Turbos:; Turbos Supercharger:; Supercharger Boost Control; Intercooler Nitrous Kit/System; Nitrous Kit :; Intake & Air Filter BMC Air Filters; Headers /; Downpipe VAP High Flow Cats; Exhaust Carburetor; Computer ECU VAP Tune; Clutch Differential; Boost Control :; Pistons :; Pulley VAP Upper & Lower Supercharger Pulleys,588.0,553.0,6.01,,10.73,measured,dragtimes,https://www.dragtimes.com/Jaguar-F-Type-Timeslip-32353.html,0.6
BUILD_91BDCA18,,Chevrolet,Corvette ZR1,ZR1X,2026.0,,Engine 5.5L V8 Twin Turbo Hybrid; Turbos Supercharger:; Supercharger Boost Control; Intercooler Nitrous Kit/System; Nitrous Kit :; Intake & Air Filter Headers; Headers /; Downpipe Midpipe; Exhaust Carburetor; Computer ECU Battery:; Clutch Differential; Boost Control :; Pistons :; Pulley Transmission,,,4.9,,8.742,measured,dragtimes,https://www.dragtimes.com/Chevrolet-Corvette-ZR1-Timeslip-32809.html,0.6
BUILD_740D2C5C,,Lamborghini,Temerario,Alleggerita,2026.0,,Engine 4.0L Twin Turbo V8 Hybrid; Turbos Supercharger:; Supercharger Boost Control; Intercooler Nitrous Kit/System; Nitrous Kit :; Intake & Air Filter Headers; Headers /; Downpipe Midpipe; Exhaust Carburetor; Computer ECU Battery:; Clutch Differential; Boost Control :; Pistons :; Pulley Transmission,,,5.38,,9.608,measured,dragtimes,https://www.dragtimes.com/Lamborghini-Temerario-Timeslip-32803.html,0.6
BUILD_B88FE2D9,,Nissan,GT-R,williamsbrosracing,2015.0,,Engine Forged; Turbos ETS1700; Supercharger Boost Control; Intercooler Nelo; Nitrous Kit :; Intake & Air Filter Headers; Headers /; Downpipe Custom; Exhaust Custom; Computer ECU Ecutek; Clutch Differential; Boost Control :; Pistons :; Pulley Transmission,,,4.69,,8.369,measured,dragtimes,https://www.dragtimes.com/Nissan-GT-R-Timeslip-31834.html,0.6
BUILD_870F5190,,Chevrolet,Corvette ZR1,Car Year:,2026.0,,Engine 5.5L Twin Turbo V8; Turbos Supercharger:; Supercharger Boost Control; Intercooler Nitrous Kit/System; Nitrous Kit :; Intake & Air Filter Headers; Headers /; Downpipe Midpipe; Exhaust Carburetor; Computer ECU Battery:; Clutch Differential; Boost Control :; Pistons :; Pulley Transmission,,,5.19,,9.27,measured,dragtimes,https://www.dragtimes.com/Chevrolet-Corvette-ZR1-Timeslip-32778.html,0.6
BUILD_4C5FE901,,Dodge,Caravan,Car Year:,1989.0,,Engine 2.5L; Turbos Garrett G30-770; Supercharger Boost Control; Intercooler Frozen Boost A2W Type 14; Nitrous Kit :; Intake & Air Filter Custom centerfeed; Headers /; Downpipe Custom 1 5/8 primary header 4 inch downpipe; Exhaust Dynomax 3 inch; Computer ECU Holley Dominator; Clutch A1 performance Custom; Boost Control :; Pistons :; Pulley Transmission,600.0,,5.97,,10.66,measured,dragtimes,https://www.dragtimes.com/Dodge-Caravan-Timeslip-32222.html,0.6
BUILD_8EFABF4E,,Mercedes-Benz,SL55 AMG,SL55,2003.0,,"Engine Built,Sleeved Dan Benson stock bore; Turbos Supercharger:; Supercharger VRP Whipple kit 3.0; Intercooler Dual top mount Modified DTK; Nitrous Kit :; Intake & Air Filter Clk dtm no bypass ,ported; Headers /; Downpipe MBH; Exhaust MBH ,JBE X Pipe ,stock mufflers; Computer ECU Stock ECU Tuned by Alex S brooklyn NY; Clutch Pro Torque; Boost Control :; Pistons :; Pulley 195/65",,,5.12,,9.15,measured,dragtimes,https://www.dragtimes.com/Mercedes-Benz-SL55-AMG-Timeslip-31751.html,0.6
BUILD_70D89CD3,,Lexus,GS400,Car Year:,1998.0,,Engine 4.0 1uz-fe vvti; Turbos Supercharger:; Supercharger Boost Control; Intercooler Nitrous Kit/System; Nitrous Kit :; Intake & Air Filter Headers; Headers /; Downpipe Midpipe; Exhaust Carburetor; Computer ECU Battery:; Boost Control :; Pistons :; Pulley Transmission,,,7.54,,13.463,measured,dragtimes,https://www.dragtimes.com/Lexus-GS400-Timeslip-32733.html,0.6
BUILD_522A235A,,Buell,1125,1125R,2008.0,,Turbos Supercharger:; Supercharger Boost Control; Intercooler Nitrous Kit/System; Nitrous Kit :; Intake & Air Filter Headers; Headers /; Downpipe Midpipe; Exhaust Carburetor; Computer ECU Battery:; Clutch Differential; Boost Control :; Pistons :; Pulley Transmission,,,5.29,,9.45,measured,dragtimes,https://www.dragtimes.com/Buell-1125-Timeslip-32752.html,0.6
BUILD_A2554D20,,Ford,Mustang Shelby-GT500,GT500,2007.0,,Engine 5.4L Iron Block; Turbos Supercharger:; Intercooler VMP triple pass w/fans; Nitrous Kit :; Intake & Air Filter JLT 123mm; Headers /; Exhaust Borla; Computer ECU VMP 93 tune; Boost Control :; Pistons :; Pulley 2.5,,,6.66,,11.89,measured,dragtimes,https://www.dragtimes.com/Ford-Mustang-Shelby-GT500-Timeslip-32749.html,0.6
BUILD_E48CE52A,,Chevrolet,Camaro,ls3,2010.0,,Engine ls3; Turbos Supercharger:; Supercharger tvs 2300; Intercooler Nitrous Kit/System; Nitrous Kit :; Intake & Air Filter Headers; Headers /; Downpipe 4-1; Exhaust Carburetor; Computer ECU HP tuner; Clutch Differential; Boost Control :; Pistons :; Pulley Transmission,,,5.92,,10.563,measured,dragtimes,https://www.dragtimes.com/Chevrolet-Camaro-Timeslip-32741.html,0.6
BUILD_71CAAEA4,,BMW,M550i,X-drive,2020.0,,Engine Turbos:; Turbos Supercharger:; Supercharger Boost Control; Intercooler Nitrous Kit/System; Nitrous Kit :; Intake & Air Filter Headers; Headers /; Downpipe Midpipe; Exhaust Carburetor; Computer ECU Mod3 Stage 2; Clutch Differential; Boost Control :; Pistons :; Pulley Transmission,,,6.44,,11.508,measured,dragtimes,https://www.dragtimes.com/BMW-M550i-Timeslip-32731.html,0.6
BUILD_13B69FA8,,BMW,X5 M,Car Year:,2025.0,,Engine Turbos:; Turbos Supercharger:; Supercharger Boost Control; Intercooler Nitrous Kit/System; Nitrous Kit :; Intake & Air Filter Headers; Headers /; Downpipe Midpipe; Exhaust Carburetor; Computer ECU Battery:; Clutch Differential; Boost Control :; Pistons :; Pulley Transmission,,,6.71,,11.975,measured,dragtimes,https://www.dragtimes.com/BMW-X5-M-Timeslip-32738.html,0.6
BUILD_73F72367,,BMW,M8,Competition Coupe,2020.0,,Engine 4.4l twin turbo; Supercharger Boost Control; Intercooler Nitrous Kit/System; Nitrous Kit :; Intake & Air Filter Headers; Headers /; Downpipe Midpipe; Exhaust Carburetor; Computer ECU JB4 map 2; Clutch Differential; Boost Control :; Pistons :; Pulley Transmission,,,5.87,,10.482,measured,dragtimes,https://www.dragtimes.com/BMW-M8-Timeslip-32748.html,0.6
BUILD_838F7701,,Tesla,Model 3,Performance,2024.0,,Engine Turbos:; Turbos Supercharger:; Supercharger Boost Control; Intercooler Nitrous Kit/System; Nitrous Kit :; Intake & Air Filter Headers; Headers /; Downpipe Midpipe; Exhaust Carburetor; Computer ECU Battery:; Clutch Differential; Boost Control :; Pistons :; Pulley Transmission,,,5.97,,10.664,measured,dragtimes,https://www.dragtimes.com/Tesla-Model-3-Timeslip-32729.html,0.6
BUILD_95F12FE1,,Tesla,Model S,Plaid,2026.0,,Engine Turbos:; Turbos Supercharger:; Supercharger Boost Control; Intercooler Nitrous Kit/System; Nitrous Kit :; Intake & Air Filter Headers; Headers /; Downpipe Midpipe; Exhaust Carburetor; Computer ECU Modified Software; Clutch Differential; Boost Control :; Pistons :; Pulley Transmission,,,5.11,,9.124,measured,dragtimes,https://www.dragtimes.com/Tesla-Model-S-Timeslip-32750.html,0.6
BUILD_3E441BE1,,Chrysler,Crossfire,SRT-6 Roadster,2005.0,,Engine 100% stock; Turbos Supercharger:; Supercharger Stock / 92mm throttle body; Intercooler 100% stock V-intercooler / M113K sized front intercooler; Nitrous Kit :; Intake & Air Filter Blower Guard; Headers /; Computer ECU Eurocharged; Boost Control :; Pistons :; Pulley 65mm,,,6.33,,11.308,measured,dragtimes,https://www.dragtimes.com/Chrysler-Crossfire-Timeslip-32740.html,0.6
BUILD_661F4D00,,Chevrolet,Cruze,LS,2014.0,,Engine 1.8 LUW; Turbos Supercharger:; Supercharger Boost Control; Intercooler Nitrous Kit/System; Nitrous Kit :; Intake & Air Filter Headers; Headers /; Downpipe Midpipe; Exhaust Carburetor; Computer ECU Battery:; Clutch Differential; Boost Control :; Pistons :; Pulley Transmission,,,7.16,,12.789,measured,dragtimes,https://www.dragtimes.com/Chevrolet-Cruze-Timeslip-32743.html,0.6
BUILD_AE802C33,,Ford,Mustang,LX,1993.0,,Engine 347; Turbos Supercharger:; Supercharger Boost Control; Intercooler Nitrous Kit/System; Nitrous Kit :; Intake & Air Filter Edelbrock rpm air gap; Headers /; Downpipe 1 5/8; Exhaust Carburetor; Computer ECU Battery:; Boost Control :; Pistons :; Pulley Transmission,,,6.4,,11.43,measured,dragtimes,https://www.dragtimes.com/Ford-Mustang-Timeslip-32745.html,0.6
BUILD_6E78C692,,Ford,Mustang Shelby-GT500,GT500,2007.0,,Engine 5.4L Iron Block; Turbos Supercharger:; Supercharger Stock M122; Intercooler VMP triple pass w/fans; Nitrous Kit :; Intake & Air Filter JLT 123mm; Headers /; Downpipe Midpipe; Exhaust Borla; Computer ECU VMP 93 tune; Clutch Differential; Boost Control :; Pistons :; Pulley 2.5,,,6.52,,11.644,measured,dragtimes,https://www.dragtimes.com/Ford-Mustang-Shelby-GT500-Timeslip-32755.html,0.6
BUILD_202EF72C,,Jaguar,XK,Car Year:,2007.0,,Engine AJ41 (4.4); Turbos Supercharger:; Supercharger Boost Control; Intercooler Nitrous Kit/System; Nitrous Kit :; Intake & Air Filter Headers; Headers /; Downpipe 400 cell; Exhaust XKR; Computer ECU Battery:; Clutch Differential; Boost Control :; Pistons :; Pulley Transmission,,,7.64,,13.64,measured,dragtimes,https://www.dragtimes.com/Jaguar-XK-Timeslip-32736.html,0.6
BUILD_EC0B2F13,,Fiat,500,Abarth,2024.0,,Nitrous Kit :; Intake & Air Filter Custom 2.75”; Headers /; Downpipe Custom Decat; Boost Control :; Pistons :,,,8.08,,14.43,measured,dragtimes,https://www.dragtimes.com/Fiat-500-Timeslip-32747.html,0.6
BUILD_97EE0EAE,,Oldsmobile,Intrigue,GLS,1998.0,,Engine 3800 (L36); Nitrous Kit :; Intake & Air Filter ZZP Cold Air Intake; Headers /; Downpipe ZZP Front and Rear SS Power Logs; Exhaust Cat-Back OEM Exhaust; Computer ECU ZZP 1.0 PCM; Clutch Stock Torque Converter; Boost Control :; Pistons :; Pulley ZZP U / D Water Pump Pulley,,,8.35,,14.912,measured,dragtimes,https://www.dragtimes.com/Oldsmobile-Intrigue-Timeslip-32730.html,0.6
BUILD_6E626CE7,,BMW,135i,Coupe,2008.0,,Engine N54; Turbos Twin Turbos; Supercharger Boost Control; Intercooler 7.5” VRSF; Nitrous Kit :; Intake & Air Filter BMS Double Cone; Headers /; Downpipe VRSF; Exhaust Carburetor; Computer ECU Battery:; Clutch Differential; Boost Control :; Pistons :; Pulley Transmission,,,5.57,,9.94,measured,dragtimes,https://www.dragtimes.com/BMW-135i-Timeslip-32744.html,0.6
BUILD_32578663,,Audi,RS-3,Car Year:,2025.0,,Engine Turbos:; Turbos Supercharger:; Supercharger Boost Control; Intercooler Nitrous Kit/System; Nitrous Kit :; Intake & Air Filter Headers; Headers /; Downpipe Midpipe; Exhaust Carburetor; Computer ECU Battery:; Clutch Differential; Boost Control :; Pistons :; Pulley Transmission,,,6.61,,11.797,measured,dragtimes,https://www.dragtimes.com/Audi-RS-3-Timeslip-32742.html,0.6
BUILD_18B6C875,,Dodge,Charger,Scat Pack,2018.0,,Nitrous Kit :; Headers /; Boost Control :; Pistons :,,,6.61,,11.801,measured,dragtimes,https://www.dragtimes.com/Dodge-Charger-Timeslip-31641.html,0.6
BUILD_90579EAA,,Dodge,Charger,Daytona Scat Pack EV,2024.0,,Engine EV; Turbos Supercharger:; Supercharger Boost Control; Intercooler Nitrous Kit/System; Nitrous Kit :; Intake & Air Filter Headers; Headers /; Downpipe Midpipe; Exhaust Carburetor; Computer ECU Battery:; Clutch Differential; Boost Control :; Pistons :; Pulley Transmission,,,6.4,,11.432,measured,dragtimes,https://www.dragtimes.com/Dodge-Charger-Timeslip-32709.html,0.6
BUILD_8F2008E7,,Jaguar,XKR,Convertible,2008.0,,Engine 4.2; Turbos Supercharger:; Intercooler Nitrous Kit/System; Nitrous Kit :; Intake & Air Filter Headers; Headers /; Downpipe Midpipe; Exhaust Carburetor; Computer ECU Battery:; Clutch Differential; Boost Control :; Pistons :; Pulley 1.5lb,426.0,430.0,7.06,,12.61,measured,dragtimes,https://www.dragtimes.com/Jaguar-XKR-Timeslip-30329.html,0.6
BUILD_C810E518,CAR_0E6A451B,Audi,A6,rs 6 (comfort and sound pack) 600ps tiptronic quattro auto 5d,2020.0,MOD_3BD6FDD6,Stage 1 ECU Remap — Petrol Turbo,690.0,1012.1,3.19,,,synthetic,synthetic,synthetic,0.4
BUILD_904C7926,CAR_0E6A451B,Audi,A6,rs 6 (comfort and sound pack) 600ps tiptronic quattro auto 5d,2020.0,MOD_2F757445,Stage 2 ECU Remap — Petrol Turbo,793.8,1111.9,2.93,,,synthetic,synthetic,synthetic,0.4
BUILD_F8BB1F91,CAR_0E6A451B,Audi,A6,rs 6 (comfort and sound pack) 600ps tiptronic quattro auto 5d,2020.0,MOD_2CC340E6,Stage 3 ECU Remap — Petrol Turbo,895.7,1252.5,2.73,,,synthetic,synthetic,synthetic,0.4
BUILD_99715594,CAR_39916282,Ford,Fiesta,10 ecoboost active x 5dr,2022.0,MOD_3BD6FDD6,Stage 1 ECU Remap — Petrol Turbo,111.3,213.6,9.73,,,synthetic,synthetic,synthetic,0.4
BUILD_ECD0D168,CAR_39916282,Ford,Fiesta,10 ecoboost active x 5dr,2022.0,MOD_2F757445,Stage 2 ECU Remap — Petrol Turbo,130.4,238.1,8.85,,,synthetic,synthetic,synthetic,0.4
BUILD_853731B0,CAR_39916282,Ford,Fiesta,10 ecoboost active x 5dr,2022.0,MOD_2CC340E6,Stage 3 ECU Remap — Petrol Turbo,147.2,280.0,8.23,,,synthetic,synthetic,synthetic,0.4
BUILD_89388B60,CAR_7F6D6DC7,Volkswagen,Golf,20 tsi r 2d dsg,2013.0,MOD_3BD6FDD6,Stage 1 ECU Remap — Petrol Turbo,316.7,416.9,5.52,,,synthetic,synthetic,synthetic,0.4
BUILD_F13CD0C4,CAR_7F6D6DC7,Volkswagen,Golf,20 tsi r 2d dsg,2013.0,MOD_2F757445,Stage 2 ECU Remap — Petrol Turbo,336.2,471.9,5.33,,,synthetic,synthetic,synthetic,0.4
BUILD_20291192,CAR_7F6D6DC7,Volkswagen,Golf,20 tsi r 2d dsg,2013.0,MOD_2CC340E6,Stage 3 ECU Remap — Petrol Turbo,399.4,560.9,4.8,,,synthetic,synthetic,synthetic,0.4
BUILD_D2BB2BB5,CAR_54CB85BD,Nissan,Skyline R34,26 twin turbo 2d,1999.0,MOD_3BD6FDD6,Stage 1 ECU Remap — Petrol Turbo,323.8,,4.54,,,synthetic,synthetic,synthetic,0.4
BUILD_3EB1F1FF,CAR_54CB85BD,Nissan,Skyline R34,26 twin turbo 2d,1999.0,MOD_2F757445,Stage 2 ECU Remap — Petrol Turbo,358.6,,4.27,,,synthetic,synthetic,synthetic,0.4
BUILD_5B3E4C0B,CAR_54CB85BD,Nissan,Skyline R34,26 twin turbo 2d,1999.0,MOD_2CC340E6,Stage 3 ECU Remap — Petrol Turbo,430.9,,3.83,,,synthetic,synthetic,synthetic,0.4
BUILD_000135B6,CAR_9E3B0CD7,Volkswagen,Golf,20 tsi 265 gti 5dr dsg,2020.0,MOD_3BD6FDD6,Stage 1 ECU Remap — Petrol Turbo,298.6,443.7,5.26,,,synthetic,synthetic,synthetic,0.4
BUILD_B01A4778,CAR_9E3B0CD7,Volkswagen,Golf,20 tsi 265 gti 5dr dsg,2020.0,MOD_2F757445,Stage 2 ECU Remap — Petrol Turbo,341.0,509.0,4.86,,,synthetic,synthetic,synthetic,0.4
BUILD_B904BE17,CAR_9E3B0CD7,Volkswagen,Golf,20 tsi 265 gti 5dr dsg,2020.0,MOD_2CC340E6,Stage 3 ECU Remap — Petrol Turbo,412.0,580.9,4.33,,,synthetic,synthetic,synthetic,0.4
BUILD_A759BD5B,CAR_ED14E8B1,Audi,A3,s3 cabriolet tfsi quattro 2d s tronic,2013.0,MOD_3BD6FDD6,Stage 1 ECU Remap — Petrol Turbo,348.5,467.1,4.71,,,synthetic,synthetic,synthetic,0.4
BUILD_1BC1F8E0,CAR_ED14E8B1,Audi,A3,s3 cabriolet tfsi quattro 2d s tronic,2013.0,MOD_2F757445,Stage 2 ECU Remap — Petrol Turbo,376.0,528.5,4.5,,,synthetic,synthetic,synthetic,0.4
BUILD_520BF316,CAR_ED14E8B1,Audi,A3,s3 cabriolet tfsi quattro 2d s tronic,2013.0,MOD_2CC340E6,Stage 3 ECU Remap — Petrol Turbo,447.5,591.5,4.05,,,synthetic,synthetic,synthetic,0.4
BUILD_D5F49D1D,CAR_519A8AD2,Audi,A8,s8 plus tfsi quattro 4d tip auto,2012.0,MOD_3BD6FDD6,Stage 1 ECU Remap — Petrol Turbo,730.0,949.9,3.28,,,synthetic,synthetic,synthetic,0.4
BUILD_99F070A4,CAR_519A8AD2,Audi,A8,s8 plus tfsi quattro 4d tip auto,2012.0,MOD_2F757445,Stage 2 ECU Remap — Petrol Turbo,805.1,1020.3,3.09,,,synthetic,synthetic,synthetic,0.4
BUILD_413C87F7,CAR_519A8AD2,Audi,A8,s8 plus tfsi quattro 4d tip auto,2012.0,MOD_2CC340E6,Stage 3 ECU Remap — Petrol Turbo,899.8,1213.8,2.89,,,synthetic,synthetic,synthetic,0.4
BUILD_2C442A81,CAR_B307F6C7,Honda,Civic,10 vtec turbo ex  sport line 5d,2017.0,MOD_3BD6FDD6,Stage 1 ECU Remap — Petrol Turbo,145.6,236.4,9.81,,,synthetic,synthetic,synthetic,0.4
BUILD_618CDE46,CAR_B307F6C7,Honda,Civic,10 vtec turbo ex  sport line 5d,2017.0,MOD_2F757445,Stage 2 ECU Remap — Petrol Turbo,163.6,266.7,9.15,,,synthetic,synthetic,synthetic,0.4
BUILD_4684D9DA,CAR_B307F6C7,Honda,Civic,10 vtec turbo ex  sport line 5d,2017.0,MOD_2CC340E6,Stage 3 ECU Remap — Petrol Turbo,197.3,315.2,8.17,,,synthetic,synthetic,synthetic,0.4
BUILD_E2898CE3,CAR_819D4D56,Skoda,Octavia,12 tsi s 5d,2005.0,MOD_3BD6FDD6,Stage 1 ECU Remap — Petrol Turbo,123.2,210.2,9.52,,,synthetic,synthetic,synthetic,0.4
BUILD_0715E1B1,CAR_819D4D56,Skoda,Octavia,12 tsi s 5d,2005.0,MOD_2F757445,Stage 2 ECU Remap — Petrol Turbo,136.2,242.3,8.96,,,synthetic,synthetic,synthetic,0.4
BUILD_6BDB7BA2,CAR_819D4D56,Skoda,Octavia,12 tsi s 5d,2005.0,MOD_2CC340E6,Stage 3 ECU Remap — Petrol Turbo,156.4,288.2,8.25,,,synthetic,synthetic,synthetic,0.4
BUILD_F346773D,CAR_8ED2E9D0,Skoda,Superb,14 tsi (150bhp) se 5d,2015.0,MOD_3BD6FDD6,Stage 1 ECU Remap — Petrol Turbo,177.5,316.0,7.41,,,synthetic,synthetic,synthetic,0.4
BUILD_02CE07A9,CAR_8ED2E9D0,Skoda,Superb,14 tsi (150bhp) se 5d,2015.0,MOD_2F757445,Stage 2 ECU Remap — Petrol Turbo,199.8,347.4,6.9,,,synthetic,synthetic,synthetic,0.4
BUILD_6F1E85A8,CAR_8ED2E9D0,Skoda,Superb,14 tsi (150bhp) se 5d,2015.0,MOD_2CC340E6,Stage 3 ECU Remap — Petrol Turbo,234.1,389.7,6.28,,,synthetic,synthetic,synthetic,0.4
BUILD_C3C81C21,CAR_689517B9,Seat,Leon,12 tsi (110bhp) s 5d,2013.0,MOD_3BD6FDD6,Stage 1 ECU Remap — Petrol Turbo,124.2,205.5,8.83,,,synthetic,synthetic,synthetic,0.4
BUILD_A5686857,CAR_689517B9,Seat,Leon,12 tsi (110bhp) s 5d,2013.0,MOD_2F757445,Stage 2 ECU Remap — Petrol Turbo,140.7,239.6,8.19,,,synthetic,synthetic,synthetic,0.4
BUILD_508E5807,CAR_689517B9,Seat,Leon,12 tsi (110bhp) s 5d,2013.0,MOD_2CC340E6,Stage 3 ECU Remap — Petrol Turbo,164.9,285.8,7.45,,,synthetic,synthetic,synthetic,0.4
BUILD_3458EB5F,CAR_FD4A73A2,Volkswagen,Jetta,14 tsi (150bhp) gt 4d,2011.0,MOD_3BD6FDD6,Stage 1 ECU Remap — Petrol Turbo,171.4,299.5,7.57,,,synthetic,synthetic,synthetic,0.4
BUILD_097E966B,CAR_FD4A73A2,Volkswagen,Jetta,14 tsi (150bhp) gt 4d,2011.0,MOD_2F757445,Stage 2 ECU Remap — Petrol Turbo,194.7,336.0,7.01,,,synthetic,synthetic,synthetic,0.4
BUILD_10DA9409,CAR_FD4A73A2,Volkswagen,Jetta,14 tsi (150bhp) gt 4d,2011.0,MOD_2CC340E6,Stage 3 ECU Remap — Petrol Turbo,232.3,389.4,6.31,,,synthetic,synthetic,synthetic,0.4
BUILD_256F4242,CAR_DF50CA23,Honda,Civic,20 vtec turbo type r limited edition 5dr,2017.0,MOD_3BD6FDD6,Stage 1 ECU Remap — Petrol Turbo,387.0,498.9,4.86,,,synthetic,synthetic,synthetic,0.4
BUILD_9F8E04FA,CAR_DF50CA23,Honda,Civic,20 vtec turbo type r limited edition 5dr,2017.0,MOD_2F757445,Stage 2 ECU Remap — Petrol Turbo,406.3,532.2,4.72,,,synthetic,synthetic,synthetic,0.4
BUILD_0F30CFC4,CAR_DF50CA23,Honda,Civic,20 vtec turbo type r limited edition 5dr,2017.0,MOD_2CC340E6,Stage 3 ECU Remap — Petrol Turbo,498.2,648.3,4.18,,,synthetic,synthetic,synthetic,0.4
BUILD_DD25E632,CAR_86CF923F,Volkswagen,Golf,10 tsi se bluemotion 5d,2014.0,MOD_3BD6FDD6,Stage 1 ECU Remap — Petrol Turbo,135.9,249.4,9.04,,,synthetic,synthetic,synthetic,0.4
BUILD_DA6E03FB,CAR_86CF923F,Volkswagen,Golf,10 tsi se bluemotion 5d,2014.0,MOD_2F757445,Stage 2 ECU Remap — Petrol Turbo,144.3,273.2,8.72,,,synthetic,synthetic,synthetic,0.4
BUILD_578EF229,CAR_86CF923F,Volkswagen,Golf,10 tsi se bluemotion 5d,2014.0,MOD_2CC340E6,Stage 3 ECU Remap — Petrol Turbo,170.8,327.3,7.88,,,synthetic,synthetic,synthetic,0.4
BUILD_731904A1,CAR_D6864351,Ford,Fiesta,20 st (1105 ) 3d,2005.0,MOD_3BD6FDD6,Stage 1 ECU Remap — Petrol Turbo,175.3,228.6,7.11,,,synthetic,synthetic,synthetic,0.4
BUILD_FA0EBAFD,CAR_D6864351,Ford,Fiesta,20 st (1105 ) 3d,2005.0,MOD_2F757445,Stage 2 ECU Remap — Petrol Turbo,187.6,258.6,6.82,,,synthetic,synthetic,synthetic,0.4
BUILD_867CCF53,CAR_D6864351,Ford,Fiesta,20 st (1105 ) 3d,2005.0,MOD_2CC340E6,Stage 3 ECU Remap — Petrol Turbo,225.3,308.4,6.11,,,synthetic,synthetic,synthetic,0.4
BUILD_35C597BB,CAR_846B2C71,Audi,A3,25 tfsi rs 3 quattro (nav) 5d s tronic,2015.0,MOD_3BD6FDD6,Stage 1 ECU Remap — Petrol Turbo,430.9,585.3,3.78,,,synthetic,synthetic,synthetic,0.4
BUILD_33C155C4,CAR_846B2C71,Audi,A3,25 tfsi rs 3 quattro (nav) 5d s tronic,2015.0,MOD_2F757445,Stage 2 ECU Remap — Petrol Turbo,475.5,624.0,3.56,,,synthetic,synthetic,synthetic,0.4
BUILD_6F1750A2,CAR_846B2C71,Audi,A3,25 tfsi rs 3 quattro (nav) 5d s tronic,2015.0,MOD_2CC340E6,Stage 3 ECU Remap — Petrol Turbo,567.2,756.1,3.2,,,synthetic,synthetic,synthetic,0.4
BUILD_F9E529EB,CAR_5FD559A2,Ford,Focus,25 st 3d,2006.0,MOD_3BD6FDD6,Stage 1 ECU Remap — Petrol Turbo,262.1,399.1,5.96,,,synthetic,synthetic,synthetic,0.4
BUILD_98287F50,CAR_5FD559A2,Ford,Focus,25 st 3d,2006.0,MOD_2F757445,Stage 2 ECU Remap — Petrol Turbo,291.6,442.3,5.59,,,synthetic,synthetic,synthetic,0.4
BUILD_C308C6B1,CAR_5FD559A2,Ford,Focus,25 st 3d,2006.0,MOD_2CC340E6,Stage 3 ECU Remap — Petrol Turbo,340.9,496.8,5.09,,,synthetic,synthetic,synthetic,0.4
BUILD_0226BCB9,CAR_BADE77F4,Subaru,Forester,20 awd s turbo 5d,2002.0,MOD_3BD6FDD6,Stage 1 ECU Remap — Petrol Turbo,198.5,287.4,7.11,,,synthetic,synthetic,synthetic,0.4
BUILD_DB8150CE,CAR_BADE77F4,Subaru,Forester,20 awd s turbo 5d,2002.0,MOD_2F757445,Stage 2 ECU Remap — Petrol Turbo,232.1,333.6,6.48,,,synthetic,synthetic,synthetic,0.4
BUILD_CCDA9057,CAR_BADE77F4,Subaru,Forester,20 awd s turbo 5d,2002.0,MOD_2CC340E6,Stage 3 ECU Remap — Petrol Turbo,269.8,402.0,5.92,,,synthetic,synthetic,synthetic,0.4
BUILD_6034505D,CAR_7C645DBB,Seat,Leon,10 tsi evo fr 5dr,2020.0,MOD_3BD6FDD6,Stage 1 ECU Remap — Petrol Turbo,124.7,242.2,10.0,,,synthetic,synthetic,synthetic,0.4
BUILD_7E60F37E,CAR_7C645DBB,Seat,Leon,10 tsi evo fr 5dr,2020.0,MOD_2F757445,Stage 2 ECU Remap — Petrol Turbo,145.3,270.6,9.12,,,synthetic,synthetic,synthetic,0.4
BUILD_67A14B3D,CAR_7C645DBB,Seat,Leon,10 tsi evo fr 5dr,2020.0,MOD_2CC340E6,Stage 3 ECU Remap — Petrol Turbo,162.8,315.8,8.52,,,synthetic,synthetic,synthetic,0.4
BUILD_4F6D7C64,CAR_A920355E,Ford,Galaxy,16 ecoboost titanium (start stop) 5d,2006.0,MOD_3BD6FDD6,Stage 1 ECU Remap — Petrol Turbo,179.9,303.1,8.85,,,synthetic,synthetic,synthetic,0.4
BUILD_2A840530,CAR_A920355E,Ford,Galaxy,16 ecoboost titanium (start stop) 5d,2006.0,MOD_2F757445,Stage 2 ECU Remap — Petrol Turbo,212.1,334.4,8.01,,,synthetic,synthetic,synthetic,0.4
BUILD_32056746,CAR_A920355E,Ford,Galaxy,16 ecoboost titanium (start stop) 5d,2006.0,MOD_2CC340E6,Stage 3 ECU Remap — Petrol Turbo,249.2,391.3,7.28,,,synthetic,synthetic,synthetic,0.4
BUILD_615583A9,CAR_B365AB1E,Seat,Leon,12 tsi s (6 speed) 5d,2005.0,MOD_3BD6FDD6,Stage 1 ECU Remap — Petrol Turbo,118.3,220.4,9.75,,,synthetic,synthetic,synthetic,0.4
BUILD_031C2AD3,CAR_B365AB1E,Seat,Leon,12 tsi s (6 speed) 5d,2005.0,MOD_2F757445,Stage 2 ECU Remap — Petrol Turbo,136.4,246.9,8.96,,,synthetic,synthetic,synthetic,0.4
BUILD_7698CF5F,CAR_B365AB1E,Seat,Leon,12 tsi s (6 speed) 5d,2005.0,MOD_2CC340E6,Stage 3 ECU Remap — Petrol Turbo,163.7,276.8,8.03,,,synthetic,synthetic,synthetic,0.4
BUILD_D4E9507A,CAR_F7597529,Skoda,Superb,15 tsi e tec se l 5dr dsg,2024.0,MOD_3BD6FDD6,Stage 1 ECU Remap — Petrol Turbo,167.7,298.2,8.32,,,synthetic,synthetic,synthetic,0.4
BUILD_FB9AC68A,CAR_F7597529,Skoda,Superb,15 tsi e tec se l 5dr dsg,2024.0,MOD_2F757445,Stage 2 ECU Remap — Petrol Turbo,193.0,353.0,7.64,,,synthetic,synthetic,synthetic,0.4
BUILD_B01EDD63,CAR_F7597529,Skoda,Superb,15 tsi e tec se l 5dr dsg,2024.0,MOD_2CC340E6,Stage 3 ECU Remap — Petrol Turbo,233.2,387.7,6.82,,,synthetic,synthetic,synthetic,0.4
BUILD_727152D9,CAR_A5FED471,Volkswagen,Golf,10 tsi active 5dr,2020.0,MOD_3BD6FDD6,Stage 1 ECU Remap — Petrol Turbo,127.6,242.3,8.96,,,synthetic,synthetic,synthetic,0.4
BUILD_11CE23A1,CAR_A5FED471,Volkswagen,Golf,10 tsi active 5dr,2020.0,MOD_2F757445,Stage 2 ECU Remap — Petrol Turbo,139.6,268.4,8.49,,,synthetic,synthetic,synthetic,0.4
BUILD_608677E5,CAR_A5FED471,Volkswagen,Golf,10 tsi active 5dr,2020.0,MOD_2CC340E6,Stage 3 ECU Remap — Petrol Turbo,165.6,328.9,7.66,,,synthetic,synthetic,synthetic,0.4
BUILD_499B3873,CAR_BE13F396,Bmw,Alpina,b3 30 bi turbo 2d switch tronic,2009.0,MOD_3BD6FDD6,Stage 1 ECU Remap — Petrol Turbo,411.5,610.9,4.2,,,synthetic,synthetic,synthetic,0.4
BUILD_19299AC6,CAR_BE13F396,Bmw,Alpina,b3 30 bi turbo 2d switch tronic,2009.0,MOD_2F757445,Stage 2 ECU Remap — Petrol Turbo,474.5,683.2,3.86,,,synthetic,synthetic,synthetic,0.4
BUILD_133675EC,CAR_BE13F396,Bmw,Alpina,b3 30 bi turbo 2d switch tronic,2009.0,MOD_2CC340E6,Stage 3 ECU Remap — Petrol Turbo,565.4,823.1,3.47,,,synthetic,synthetic,synthetic,0.4
BUILD_55786FB8,CAR_A0F30475,Audi,A3,15 tfsi 116 s line 4dr,2020.0,MOD_3BD6FDD6,Stage 1 ECU Remap — Petrol Turbo,131.7,268.3,8.62,,,synthetic,synthetic,synthetic,0.4
BUILD_374ACE18,CAR_A0F30475,Audi,A3,15 tfsi 116 s line 4dr,2020.0,MOD_2F757445,Stage 2 ECU Remap — Petrol Turbo,148.2,298.9,8.03,,,synthetic,synthetic,synthetic,0.4
BUILD_66990CED,CAR_A0F30475,Audi,A3,15 tfsi 116 s line 4dr,2020.0,MOD_2CC340E6,Stage 3 ECU Remap — Petrol Turbo,171.4,354.4,7.36,,,synthetic,synthetic,synthetic,0.4
BUILD_B48E2FAD,CAR_729889C8,Volkswagen,T Roc,10 tsi 110 active 2dr,2020.0,MOD_3BD6FDD6,Stage 1 ECU Remap — Petrol Turbo,127.5,235.0,10.77,,,synthetic,synthetic,synthetic,0.4
BUILD_AF280E6F,CAR_729889C8,Volkswagen,T Roc,10 tsi 110 active 2dr,2020.0,MOD_2F757445,Stage 2 ECU Remap — Petrol Turbo,140.2,284.2,10.18,,,synthetic,synthetic,synthetic,0.4
BUILD_8FFEBFD3,CAR_729889C8,Volkswagen,T Roc,10 tsi 110 active 2dr,2020.0,MOD_2CC340E6,Stage 3 ECU Remap — Petrol Turbo,164.6,312.9,9.24,,,synthetic,synthetic,synthetic,0.4
BUILD_5641C65D,CAR_E75EBF62,Ford,Mondeo,20 ecoboost vignale 4d auto,2014.0,MOD_3BD6FDD6,Stage 1 ECU Remap — Petrol Turbo,278.2,431.3,6.89,,,synthetic,synthetic,synthetic,0.4
BUILD_2B1DCE18,CAR_E75EBF62,Ford,Mondeo,20 ecoboost vignale 4d auto,2014.0,MOD_2F757445,Stage 2 ECU Remap — Petrol Turbo,305.4,475.1,6.51,,,synthetic,synthetic,synthetic,0.4
BUILD_5D4BDAB9,CAR_E75EBF62,Ford,Mondeo,20 ecoboost vignale 4d auto,2014.0,MOD_2CC340E6,Stage 3 ECU Remap — Petrol Turbo,372.0,535.1,5.78,,,synthetic,synthetic,synthetic,0.4
BUILD_F5186D7D,CAR_820D557A,Audi,A5,35 tfsi edition 1 2dr s tronic 2d,2017.0,MOD_3BD6FDD6,Stage 1 ECU Remap — Petrol Turbo,176.8,325.8,8.5,,,synthetic,synthetic,synthetic,0.4
BUILD_D2B4E56D,CAR_820D557A,Audi,A5,35 tfsi edition 1 2dr s tronic 2d,2017.0,MOD_2F757445,Stage 2 ECU Remap — Petrol Turbo,196.0,376.2,7.99,,,synthetic,synthetic,synthetic,0.4
BUILD_162190FF,CAR_820D557A,Audi,A5,35 tfsi edition 1 2dr s tronic 2d,2017.0,MOD_2CC340E6,Stage 3 ECU Remap — Petrol Turbo,228.4,420.9,7.29,,,synthetic,synthetic,synthetic,0.4
BUILD_73D1A9E0,CAR_88CD0748,Volkswagen,Golf,20 tsi gti (leather) 3d,2009.0,MOD_3BD6FDD6,Stage 1 ECU Remap — Petrol Turbo,251.2,336.6,5.97,,,synthetic,synthetic,synthetic,0.4
BUILD_B96DF7D0,CAR_88CD0748,Volkswagen,Golf,20 tsi gti (leather) 3d,2009.0,MOD_2F757445,Stage 2 ECU Remap — Petrol Turbo,266.8,373.5,5.75,,,synthetic,synthetic,synthetic,0.4
BUILD_DE20E9F2,CAR_88CD0748,Volkswagen,Golf,20 tsi gti (leather) 3d,2009.0,MOD_2CC340E6,Stage 3 ECU Remap — Petrol Turbo,322.7,453.0,5.13,,,synthetic,synthetic,synthetic,0.4
BUILD_0F1F5A01,CAR_2ED867F6,Volkswagen,T Roc,20 tsi 300 4motion r 5dr dsg,2019.0,MOD_3BD6FDD6,Stage 1 ECU Remap — Petrol Turbo,333.8,488.5,4.36,,,synthetic,synthetic,synthetic,0.4
BUILD_DEB1D320,CAR_2ED867F6,Volkswagen,T Roc,20 tsi 300 4motion r 5dr dsg,2019.0,MOD_2F757445,Stage 2 ECU Remap — Petrol Turbo,381.3,557.8,4.03,,,synthetic,synthetic,synthetic,0.4
BUILD_23C19F43,CAR_2ED867F6,Volkswagen,T Roc,20 tsi 300 4motion r 5dr dsg,2019.0,MOD_2CC340E6,Stage 3 ECU Remap — Petrol Turbo,447.6,647.6,3.66,,,synthetic,synthetic,synthetic,0.4
BUILD_446E1A76,CAR_B4624EE5,Skoda,Octavia,12 tsi (110bhp) s 5d,2013.0,MOD_3BD6FDD6,Stage 1 ECU Remap — Petrol Turbo,126.2,221.1,9.02,,,synthetic,synthetic,synthetic,0.4
BUILD_01ED08C0,CAR_B4624EE5,Skoda,Octavia,12 tsi (110bhp) s 5d,2013.0,MOD_2F757445,Stage 2 ECU Remap — Petrol Turbo,138.6,238.7,8.52,,,synthetic,synthetic,synthetic,0.4
BUILD_957F2A5C,CAR_B4624EE5,Skoda,Octavia,12 tsi (110bhp) s 5d,2013.0,MOD_2CC340E6,Stage 3 ECU Remap — Petrol Turbo,163.2,287.4,7.73,,,synthetic,synthetic,synthetic,0.4
BUILD_0BD73B51,CAR_66E31157,Ford,Galaxy,15 ecoboost titanium 5d,2015.0,MOD_3BD6FDD6,Stage 1 ECU Remap — Petrol Turbo,191.2,287.0,8.62,,,synthetic,synthetic,synthetic,0.4
BUILD_F2CE8A40,CAR_66E31157,Ford,Galaxy,15 ecoboost titanium 5d,2015.0,MOD_2F757445,Stage 2 ECU Remap — Petrol Turbo,209.8,338.8,8.15,,,synthetic,synthetic,synthetic,0.4
BUILD_D024D066,CAR_66E31157,Ford,Galaxy,15 ecoboost titanium 5d,2015.0,MOD_2CC340E6,Stage 3 ECU Remap — Petrol Turbo,244.2,384.7,7.44,,,synthetic,synthetic,synthetic,0.4
BUILD_985DE1D4,CAR_3E47B3A2,Volkswagen,Golf,10 tsi 115 s dsg 5d,2013.0,MOD_3BD6FDD6,Stage 1 ECU Remap — Petrol Turbo,130.4,235.9,8.72,,,synthetic,synthetic,synthetic,0.4
BUILD_FFD4DE84,CAR_3E47B3A2,Volkswagen,Golf,10 tsi 115 s dsg 5d,2013.0,MOD_2F757445,Stage 2 ECU Remap — Petrol Turbo,153.6,284.0,7.9,,,synthetic,synthetic,synthetic,0.4
BUILD_5634CDBE,CAR_3E47B3A2,Volkswagen,Golf,10 tsi 115 s dsg 5d,2013.0,MOD_2CC340E6,Stage 3 ECU Remap — Petrol Turbo,176.7,316.8,7.26,,,synthetic,synthetic,synthetic,0.4
BUILD_6C1155C4,CAR_60F1B535,Subaru,Impreza,25 wrx sti 330s 5d,2008.0,MOD_3BD6FDD6,Stage 1 ECU Remap — Petrol Turbo,378.6,584.0,4.2,,,synthetic,synthetic,synthetic,0.4
BUILD_DF282303,CAR_60F1B535,Subaru,Impreza,25 wrx sti 330s 5d,2008.0,MOD_2F757445,Stage 2 ECU Remap — Petrol Turbo,441.9,666.8,3.83,,,synthetic,synthetic,synthetic,0.4
BUILD_E2C7FC3E,CAR_60F1B535,Subaru,Impreza,25 wrx sti 330s 5d,2008.0,MOD_2CC340E6,Stage 3 ECU Remap — Petrol Turbo,512.8,758.7,3.5,,,synthetic,synthetic,synthetic,0.4
BUILD_8D2A80AD,CAR_FD4D8CD9,Ford,Tourneo Connect,10 ecoboost style 5d,2013.0,MOD_3BD6FDD6,Stage 1 ECU Remap — Petrol Turbo,111.6,201.6,12.58,,,synthetic,synthetic,synthetic,0.4
BUILD_EBAFDE59,CAR_FD4D8CD9,Ford,Tourneo Connect,10 ecoboost style 5d,2013.0,MOD_2F757445,Stage 2 ECU Remap — Petrol Turbo,133.3,236.4,11.31,,,synthetic,synthetic,synthetic,0.4
BUILD_DDFBE5AD,CAR_FD4D8CD9,Ford,Tourneo Connect,10 ecoboost style 5d,2013.0,MOD_2CC340E6,Stage 3 ECU Remap — Petrol Turbo,147.1,265.2,10.66,,,synthetic,synthetic,synthetic,0.4
BUILD_D47E7371,CAR_FB57937D,Bmw,Alpina,b3 30 bi turbo 4d switch tronic,2008.0,MOD_3BD6FDD6,Stage 1 ECU Remap — Petrol Turbo,423.5,585.3,4.13,,,synthetic,synthetic,synthetic,0.4
BUILD_67BF660A,CAR_FB57937D,Bmw,Alpina,b3 30 bi turbo 4d switch tronic,2008.0,MOD_2F757445,Stage 2 ECU Remap — Petrol Turbo,455.3,692.4,3.96,,,synthetic,synthetic,synthetic,0.4
BUILD_70ABFF34,CAR_FB57937D,Bmw,Alpina,b3 30 bi turbo 4d switch tronic,2008.0,MOD_2CC340E6,Stage 3 ECU Remap — Petrol Turbo,555.5,807.6,3.51,,,synthetic,synthetic,synthetic,0.4
BUILD_8D05920E,CAR_205C6FCD,Skoda,Scala,10 tsi 110 monte carlo 5dr,2019.0,MOD_3BD6FDD6,Stage 1 ECU Remap — Petrol Turbo,124.5,248.2,9.0,,,synthetic,synthetic,synthetic,0.4
BUILD_F1E8092D,CAR_205C6FCD,Skoda,Scala,10 tsi 110 monte carlo 5dr,2019.0,MOD_2F757445,Stage 2 ECU Remap — Petrol Turbo,139.7,272.5,8.4,,,synthetic,synthetic,synthetic,0.4
BUILD_25F23B5A,CAR_205C6FCD,Skoda,Scala,10 tsi 110 monte carlo 5dr,2019.0,MOD_2CC340E6,Stage 3 ECU Remap — Petrol Turbo,170.1,323.0,7.46,,,synthetic,synthetic,synthetic,0.4
BUILD_34105C0D,CAR_68E3106E,Ford,S Max,16 ecoboost titanium (start stop) 5d,2006.0,MOD_3BD6FDD6,Stage 1 ECU Remap — Petrol Turbo,190.7,296.6,8.54,,,synthetic,synthetic,synthetic,0.4
BUILD_6B969E68,CAR_68E3106E,Ford,S Max,16 ecoboost titanium (start stop) 5d,2006.0,MOD_2F757445,Stage 2 ECU Remap — Petrol Turbo,208.3,321.4,8.1,,,synthetic,synthetic,synthetic,0.4
BUILD_3FBBC37C,CAR_68E3106E,Ford,S Max,16 ecoboost titanium (start stop) 5d,2006.0,MOD_2CC340E6,Stage 3 ECU Remap — Petrol Turbo,241.3,378.4,7.42,,,synthetic,synthetic,synthetic,0.4
BUILD_08E8CDB7,CAR_1798DF8E,Ford,Tourneo Courier,10 ecoboost active 5dr,2023.0,MOD_3BD6FDD6,Stage 1 ECU Remap — Petrol Turbo,142.0,253.5,11.56,,,synthetic,synthetic,synthetic,0.4
BUILD_17D86F41,CAR_1798DF8E,Ford,Tourneo Courier,10 ecoboost active 5dr,2023.0,MOD_2F757445,Stage 2 ECU Remap — Petrol Turbo,161.0,283.8,10.72,,,synthetic,synthetic,synthetic,0.4
BUILD_975D7230,CAR_1798DF8E,Ford,Tourneo Courier,10 ecoboost active 5dr,2023.0,MOD_2CC340E6,Stage 3 ECU Remap — Petrol Turbo,192.3,325.9,9.64,,,synthetic,synthetic,synthetic,0.4
BUILD_08571C07,CAR_3D80DC70,Bmw,Alpina,b3 30 bi turbo 5d switch tronic,2008.0,MOD_3BD6FDD6,Stage 1 ECU Remap — Petrol Turbo,417.8,613.8,4.26,,,synthetic,synthetic,synthetic,0.4
BUILD_13F2141A,CAR_3D80DC70,Bmw,Alpina,b3 30 bi turbo 5d switch tronic,2008.0,MOD_2F757445,Stage 2 ECU Remap — Petrol Turbo,467.0,674.8,3.98,,,synthetic,synthetic,synthetic,0.4
BUILD_57A7EE72,CAR_3D80DC70,Bmw,Alpina,b3 30 bi turbo 5d switch tronic,2008.0,MOD_2CC340E6,Stage 3 ECU Remap — Petrol Turbo,556.6,789.0,3.58,,,synthetic,synthetic,synthetic,0.4
BUILD_5E206AEE,CAR_0789D367,Audi,A3,rs 3 tfsi qtro 400 carbon vorsprung 4dr s tronic,2021.0,MOD_3BD6FDD6,Stage 1 ECU Remap — Petrol Turbo,446.2,617.3,3.43,,,synthetic,synthetic,synthetic,0.4
BUILD_56974534,CAR_0789D367,Audi,A3,rs 3 tfsi qtro 400 carbon vorsprung 4dr s tronic,2021.0,MOD_2F757445,Stage 2 ECU Remap — Petrol Turbo,507.4,712.0,3.18,,,synthetic,synthetic,synthetic,0.4
BUILD_027E55DC,CAR_0789D367,Audi,A3,rs 3 tfsi qtro 400 carbon vorsprung 4dr s tronic,2021.0,MOD_2CC340E6,Stage 3 ECU Remap — Petrol Turbo,628.6,820.7,2.8,,,synthetic,synthetic,synthetic,0.4
BUILD_F79410F5,CAR_9B1521AD,Ford,Fiesta,15 ecoboost st 2 3dr,2018.0,MOD_3BD6FDD6,Stage 1 ECU Remap — Petrol Turbo,229.9,374.9,5.74,,,synthetic,synthetic,synthetic,0.4
BUILD_8ED276E0,CAR_9B1521AD,Ford,Fiesta,15 ecoboost st 2 3dr,2018.0,MOD_2F757445,Stage 2 ECU Remap — Petrol Turbo,268.5,439.3,5.23,,,synthetic,synthetic,synthetic,0.4
BUILD_A1D4B31C,CAR_9B1521AD,Ford,Fiesta,15 ecoboost st 2 3dr,2018.0,MOD_2CC340E6,Stage 3 ECU Remap — Petrol Turbo,314.5,526.8,4.76,,,synthetic,synthetic,synthetic,0.4
BUILD_9BE5EA24,CAR_0E6F7AD3,Skoda,Yeti,12 tsi (110bhp) monte carlo 5d,2009.0,MOD_3BD6FDD6,Stage 1 ECU Remap — Petrol Turbo,131.3,209.9,9.43,,,synthetic,synthetic,synthetic,0.4
BUILD_1CEE1C54,CAR_0E6F7AD3,Skoda,Yeti,12 tsi (110bhp) monte carlo 5d,2009.0,MOD_2F757445,Stage 2 ECU Remap — Petrol Turbo,141.3,247.6,9.02,,,synthetic,synthetic,synthetic,0.4
BUILD_2FC9BFA1,CAR_0E6F7AD3,Skoda,Yeti,12 tsi (110bhp) monte carlo 5d,2009.0,MOD_2CC340E6,Stage 3 ECU Remap — Petrol Turbo,165.4,274.2,8.21,,,synthetic,synthetic,synthetic,0.4
BUILD_445F20F2,CAR_B02A3622,Seat,Leon,20 tsi cupra (290bhp) (sub8 pack) hatchback 5d,2014.0,MOD_3BD6FDD6,Stage 1 ECU Remap — Petrol Turbo,337.9,442.3,5.06,,,synthetic,synthetic,synthetic,0.4
BUILD_1CA10199,CAR_B02A3622,Seat,Leon,20 tsi cupra (290bhp) (sub8 pack) hatchback 5d,2014.0,MOD_2F757445,Stage 2 ECU Remap — Petrol Turbo,381.8,485.5,4.7,,,synthetic,synthetic,synthetic,0.4
BUILD_EB909A0B,CAR_B02A3622,Seat,Leon,20 tsi cupra (290bhp) (sub8 pack) hatchback 5d,2014.0,MOD_2CC340E6,Stage 3 ECU Remap — Petrol Turbo,430.3,564.0,4.37,,,synthetic,synthetic,synthetic,0.4
BUILD_9D988872,CAR_E61FF1E1,Volkswagen,Passat,14 r line tsi 5d,2005.0,MOD_3BD6FDD6,Stage 1 ECU Remap — Petrol Turbo,147.5,248.6,9.28,,,synthetic,synthetic,synthetic,0.4
BUILD_9B407341,CAR_E61FF1E1,Volkswagen,Passat,14 r line tsi 5d,2005.0,MOD_2F757445,Stage 2 ECU Remap — Petrol Turbo,158.6,297.7,8.88,,,synthetic,synthetic,synthetic,0.4
BUILD_835F2460,CAR_E61FF1E1,Volkswagen,Passat,14 r line tsi 5d,2005.0,MOD_2CC340E6,Stage 3 ECU Remap — Petrol Turbo,188.9,340.1,8.0,,,synthetic,synthetic,synthetic,0.4
BUILD_F1BDED1F,CAR_E22D97FD,Volkswagen,Beetle Dune,12 tsi bmt 105ps 3d,2016.0,MOD_3BD6FDD6,Stage 1 ECU Remap — Petrol Turbo,123.6,211.0,9.77,,,synthetic,synthetic,synthetic,0.4
BUILD_0C3A848D,CAR_E22D97FD,Volkswagen,Beetle Dune,12 tsi bmt 105ps 3d,2016.0,MOD_2F757445,Stage 2 ECU Remap — Petrol Turbo,133.8,246.9,9.32,,,synthetic,synthetic,synthetic,0.4
BUILD_6AFCB47D,CAR_E22D97FD,Volkswagen,Beetle Dune,12 tsi bmt 105ps 3d,2016.0,MOD_2CC340E6,Stage 3 ECU Remap — Petrol Turbo,162.8,286.4,8.28,,,synthetic,synthetic,synthetic,0.4
BUILD_C24A8888,CAR_07E69D8E,Seat,Ibiza,10 ecotsi (110bhp) fr hatchback 5d dsg,2009.0,MOD_3BD6FDD6,Stage 1 ECU Remap — Petrol Turbo,131.9,244.2,7.98,,,synthetic,synthetic,synthetic,0.4
BUILD_45356C7E,CAR_07E69D8E,Seat,Ibiza,10 ecotsi (110bhp) fr hatchback 5d dsg,2009.0,MOD_2F757445,Stage 2 ECU Remap — Petrol Turbo,142.6,282.0,7.62,,,synthetic,synthetic,synthetic,0.4
BUILD_882EC81D,CAR_07E69D8E,Seat,Ibiza,10 ecotsi (110bhp) fr hatchback 5d dsg,2009.0,MOD_2CC340E6,Stage 3 ECU Remap — Petrol Turbo,169.0,324.0,6.88,,,synthetic,synthetic,synthetic,0.4
BUILD_A68C1585,CAR_642AB5EF,Ford,C Max,10 ecoboost (125bhp) titanium (0515 ) 5d,2010.0,MOD_3BD6FDD6,Stage 1 ECU Remap — Petrol Turbo,148.8,251.8,9.46,,,synthetic,synthetic,synthetic,0.4
BUILD_1F076A69,CAR_642AB5EF,Ford,C Max,10 ecoboost (125bhp) titanium (0515 ) 5d,2010.0,MOD_2F757445,Stage 2 ECU Remap — Petrol Turbo,160.4,273.5,9.04,,,synthetic,synthetic,synthetic,0.4
BUILD_93ADB8E6,CAR_642AB5EF,Ford,C Max,10 ecoboost (125bhp) titanium (0515 ) 5d,2010.0,MOD_2CC340E6,Stage 3 ECU Remap — Petrol Turbo,185.7,321.6,8.28,,,synthetic,synthetic,synthetic,0.4
BUILD_A9B99AE1,CAR_ECE09304,Volkswagen,T Cross,10 tsi 110 active 5dr,2019.0,MOD_3BD6FDD6,Stage 1 ECU Remap — Petrol Turbo,122.4,243.3,9.74,,,synthetic,synthetic,synthetic,0.4
BUILD_298AFB4A,CAR_ECE09304,Volkswagen,T Cross,10 tsi 110 active 5dr,2019.0,MOD_2F757445,Stage 2 ECU Remap — Petrol Turbo,143.0,271.7,8.87,,,synthetic,synthetic,synthetic,0.4
BUILD_F938AA95,CAR_ECE09304,Volkswagen,T Cross,10 tsi 110 active 5dr,2019.0,MOD_2CC340E6,Stage 3 ECU Remap — Petrol Turbo,168.4,310.6,8.04,,,synthetic,synthetic,synthetic,0.4
BUILD_48A2776E,CAR_E3B8DFB3,Skoda,Octavia,18t vrs estate 5d,2001.0,MOD_3BD6FDD6,Stage 1 ECU Remap — Petrol Turbo,204.1,294.3,7.14,,,synthetic,synthetic,synthetic,0.4
BUILD_A2D711EF,CAR_E3B8DFB3,Skoda,Octavia,18t vrs estate 5d,2001.0,MOD_2F757445,Stage 2 ECU Remap — Petrol Turbo,235.1,315.5,6.56,,,synthetic,synthetic,synthetic,0.4
BUILD_8D157234,CAR_E3B8DFB3,Skoda,Octavia,18t vrs estate 5d,2001.0,MOD_2CC340E6,Stage 3 ECU Remap — Petrol Turbo,279.4,382.3,5.91,,,synthetic,synthetic,synthetic,0.4
BUILD_179779FA,CAR_8199A279,Volkswagen,T Roc,10 tsi 110 active 5dr,2017.0,MOD_3BD6FDD6,Stage 1 ECU Remap — Petrol Turbo,124.4,246.5,9.65,,,synthetic,synthetic,synthetic,0.4
BUILD_E7501ADB,CAR_8199A279,Volkswagen,T Roc,10 tsi 110 active 5dr,2017.0,MOD_2F757445,Stage 2 ECU Remap — Petrol Turbo,138.1,267.0,9.06,,,synthetic,synthetic,synthetic,0.4
BUILD_337E182C,CAR_8199A279,Volkswagen,T Roc,10 tsi 110 active 5dr,2017.0,MOD_2CC340E6,Stage 3 ECU Remap — Petrol Turbo,167.7,320.8,8.06,,,synthetic,synthetic,synthetic,0.4
BUILD_58AE25C5,CAR_4B28D428,Volkswagen,Golf,20 tsi r hatchback 3d,2014.0,MOD_3BD6FDD6,Stage 1 ECU Remap — Petrol Turbo,352.2,472.2,4.41,,,synthetic,synthetic,synthetic,0.4
BUILD_0B18F065,CAR_4B28D428,Volkswagen,Golf,20 tsi r hatchback 3d,2014.0,MOD_2F757445,Stage 2 ECU Remap — Petrol Turbo,403.4,525.0,4.06,,,synthetic,synthetic,synthetic,0.4
BUILD_EC45C952,CAR_4B28D428,Volkswagen,Golf,20 tsi r hatchback 3d,2014.0,MOD_2CC340E6,Stage 3 ECU Remap — Petrol Turbo,452.0,619.2,3.79,,,synthetic,synthetic,synthetic,0.4
BUILD_E04FE7A7,CAR_F32FD119,Audi,A1,10 tfsi se 3d,2010.0,MOD_3BD6FDD6,Stage 1 ECU Remap — Petrol Turbo,107.6,194.2,9.71,,,synthetic,synthetic,synthetic,0.4
BUILD_B0C8AF0D,CAR_F32FD119,Audi,A1,10 tfsi se 3d,2010.0,MOD_2F757445,Stage 2 ECU Remap — Petrol Turbo,118.8,213.2,9.15,,,synthetic,synthetic,synthetic,0.4
BUILD_91E4B72A,CAR_F32FD119,Audi,A1,10 tfsi se 3d,2010.0,MOD_2CC340E6,Stage 3 ECU Remap — Petrol Turbo,148.5,261.4,8.0,,,synthetic,synthetic,synthetic,0.4
BUILD_D8A07C18,CAR_6AFE8AD2,Volkswagen,Tiguan,15 tsi elegance 5dr dsg,2017.0,MOD_3BD6FDD6,Stage 1 ECU Remap — Petrol Turbo,176.3,302.7,8.34,,,synthetic,synthetic,synthetic,0.4
BUILD_90C6BAF5,CAR_6AFE8AD2,Volkswagen,Tiguan,15 tsi elegance 5dr dsg,2017.0,MOD_2F757445,Stage 2 ECU Remap — Petrol Turbo,189.2,336.4,7.99,,,synthetic,synthetic,synthetic,0.4
BUILD_AE7B9D96,CAR_6AFE8AD2,Volkswagen,Tiguan,15 tsi elegance 5dr dsg,2017.0,MOD_2CC340E6,Stage 3 ECU Remap — Petrol Turbo,224.2,401.2,7.22,,,synthetic,synthetic,synthetic,0.4
BUILD_B1D148EF,CAR_7FAA4E5A,Ford,Focus,10 ecoboost 125 st line edition 5dr,2018.0,MOD_3BD6FDD6,Stage 1 ECU Remap — Petrol Turbo,147.8,247.2,8.69,,,synthetic,synthetic,synthetic,0.4
BUILD_A57EE6CA,CAR_7FAA4E5A,Ford,Focus,10 ecoboost 125 st line edition 5dr,2018.0,MOD_2F757445,Stage 2 ECU Remap — Petrol Turbo,159.7,285.1,8.29,,,synthetic,synthetic,synthetic,0.4
BUILD_3D542C89,CAR_7FAA4E5A,Ford,Focus,10 ecoboost 125 st line edition 5dr,2018.0,MOD_2CC340E6,Stage 3 ECU Remap — Petrol Turbo,193.6,321.1,7.39,,,synthetic,synthetic,synthetic,0.4
BUILD_B19F51AC,CAR_2248F9C3,Seat,Altea,12 tsi ecomotive tech s 5d,2004.0,MOD_3BD6FDD6,Stage 1 ECU Remap — Petrol Turbo,122.7,212.1,9.81,,,synthetic,synthetic,synthetic,0.4
BUILD_E436DF3B,CAR_2248F9C3,Seat,Altea,12 tsi ecomotive tech s 5d,2004.0,MOD_2F757445,Stage 2 ECU Remap — Petrol Turbo,133.4,239.0,9.33,,,synthetic,synthetic,synthetic,0.4
BUILD_CF951D44,CAR_2248F9C3,Seat,Altea,12 tsi ecomotive tech s 5d,2004.0,MOD_2CC340E6,Stage 3 ECU Remap — Petrol Turbo,162.3,271.5,8.3,,,synthetic,synthetic,synthetic,0.4
BUILD_4CFD7A73,CAR_2B85EDF0,Volkswagen,Golf,20 tsi r 4motion (leather) 3d,2010.0,MOD_3BD6FDD6,Stage 1 ECU Remap — Petrol Turbo,303.7,411.1,5.08,,,synthetic,synthetic,synthetic,0.4
BUILD_6F25F7BC,CAR_2B85EDF0,Volkswagen,Golf,20 tsi r 4motion (leather) 3d,2010.0,MOD_2F757445,Stage 2 ECU Remap — Petrol Turbo,338.9,495.4,4.76,,,synthetic,synthetic,synthetic,0.4
BUILD_6D9C2614,CAR_2B85EDF0,Volkswagen,Golf,20 tsi r 4motion (leather) 3d,2010.0,MOD_2CC340E6,Stage 3 ECU Remap — Petrol Turbo,417.7,559.1,4.2,,,synthetic,synthetic,synthetic,0.4
BUILD_32369E0E,CAR_FD9436B8,Peugeot,807,20 (143bhp) st (7 seat) 5d,2002.0,MOD_3BD6FDD6,Stage 1 ECU Remap — Petrol Turbo,159.6,243.8,10.35,,,synthetic,synthetic,synthetic,0.4
BUILD_3C9DFCEB,CAR_FD9436B8,Peugeot,807,20 (143bhp) st (7 seat) 5d,2002.0,MOD_2F757445,Stage 2 ECU Remap — Petrol Turbo,184.4,269.5,9.49,,,synthetic,synthetic,synthetic,0.4
BUILD_84820D55,CAR_FD9436B8,Peugeot,807,20 (143bhp) st (7 seat) 5d,2002.0,MOD_2CC340E6,Stage 3 ECU Remap — Petrol Turbo,216.1,318.0,8.63,,,synthetic,synthetic,synthetic,0.4
BUILD_7BAA3578,CAR_E81E447B,Volkswagen,Golf,12 tsi (85bhp) s 3d,2009.0,MOD_3BD6FDD6,Stage 1 ECU Remap — Petrol Turbo,98.9,197.4,10.71,,,synthetic,synthetic,synthetic,0.4
BUILD_522D06AB,CAR_E81E447B,Volkswagen,Golf,12 tsi (85bhp) s 3d,2009.0,MOD_2F757445,Stage 2 ECU Remap — Petrol Turbo,105.8,218.8,10.29,,,synthetic,synthetic,synthetic,0.4
BUILD_BA6DB50C,CAR_E81E447B,Volkswagen,Golf,12 tsi (85bhp) s 3d,2009.0,MOD_2CC340E6,Stage 3 ECU Remap — Petrol Turbo,129.7,256.1,9.1,,,synthetic,synthetic,synthetic,0.4
BUILD_28589B8B,CAR_1B821CAE,Audi,Q7,sq7 tfsi qtro 507 black ed 5dr tiptronic tech pro,2016.0,MOD_3BD6FDD6,Stage 1 ECU Remap — Petrol Turbo,606.6,951.6,3.56,,,synthetic,synthetic,synthetic,0.4
BUILD_E737194A,CAR_1B821CAE,Audi,Q7,sq7 tfsi qtro 507 black ed 5dr tiptronic tech pro,2016.0,MOD_2F757445,Stage 2 ECU Remap — Petrol Turbo,641.9,1029.5,3.44,,,synthetic,synthetic,synthetic,0.4
BUILD_F0D8C0C1,CAR_1B821CAE,Audi,Q7,sq7 tfsi qtro 507 black ed 5dr tiptronic tech pro,2016.0,MOD_2CC340E6,Stage 3 ECU Remap — Petrol Turbo,780.6,1195.5,3.06,,,synthetic,synthetic,synthetic,0.4
BUILD_3E340C15,CAR_F190A29C,Volkswagen,Golf,20 tsi gti (nav) 3d,2013.0,MOD_3BD6FDD6,Stage 1 ECU Remap — Petrol Turbo,256.7,442.4,5.68,,,synthetic,synthetic,synthetic,0.4
BUILD_B40CC31A,CAR_F190A29C,Volkswagen,Golf,20 tsi gti (nav) 3d,2013.0,MOD_2F757445,Stage 2 ECU Remap — Petrol Turbo,286.8,479.1,5.31,,,synthetic,synthetic,synthetic,0.4
BUILD_56B6F666,CAR_F190A29C,Volkswagen,Golf,20 tsi gti (nav) 3d,2013.0,MOD_2CC340E6,Stage 3 ECU Remap — Petrol Turbo,337.9,558.5,4.82,,,synthetic,synthetic,synthetic,0.4
BUILD_9617150A,CAR_C381861A,Seat,Leon,20 tsi cupra r (265bhp) 5d,2010.0,MOD_3BD6FDD6,Stage 1 ECU Remap — Petrol Turbo,309.2,442.5,5.42,,,synthetic,synthetic,synthetic,0.4
BUILD_FBEA8C4C,CAR_C381861A,Seat,Leon,20 tsi cupra r (265bhp) 5d,2010.0,MOD_2F757445,Stage 2 ECU Remap — Petrol Turbo,341.5,499.1,5.11,,,synthetic,synthetic,synthetic,0.4
BUILD_53DFA5E4,CAR_C381861A,Seat,Leon,20 tsi cupra r (265bhp) 5d,2010.0,MOD_2CC340E6,Stage 3 ECU Remap — Petrol Turbo,415.1,549.4,4.54,,,synthetic,synthetic,synthetic,0.4
BUILD_BAEF7FB4,CAR_042676BA,Skoda,Octavia,10 tsi se 5dr,2020.0,MOD_3BD6FDD6,Stage 1 ECU Remap — Petrol Turbo,122.8,236.0,9.81,,,synthetic,synthetic,synthetic,0.4
BUILD_FB326844,CAR_042676BA,Skoda,Octavia,10 tsi se 5dr,2020.0,MOD_2F757445,Stage 2 ECU Remap — Petrol Turbo,137.4,267.9,9.17,,,synthetic,synthetic,synthetic,0.4
BUILD_3223E3ED,CAR_042676BA,Skoda,Octavia,10 tsi se 5dr,2020.0,MOD_2CC340E6,Stage 3 ECU Remap — Petrol Turbo,169.4,311.4,8.09,,,synthetic,synthetic,synthetic,0.4
BUILD_AD941180,CAR_DE2A47DC,Mitsubishi,Lancer Evo,rs ii 4d,2002.0,MOD_3BD6FDD6,Stage 1 ECU Remap — Petrol Turbo,320.7,480.5,4.66,,,synthetic,synthetic,synthetic,0.4
BUILD_5DE74C89,CAR_DE2A47DC,Mitsubishi,Lancer Evo,rs ii 4d,2002.0,MOD_2F757445,Stage 2 ECU Remap — Petrol Turbo,351.2,540.6,4.41,,,synthetic,synthetic,synthetic,0.4
BUILD_E2814037,CAR_DE2A47DC,Mitsubishi,Lancer Evo,rs ii 4d,2002.0,MOD_2CC340E6,Stage 3 ECU Remap — Petrol Turbo,421.8,598.2,3.95,,,synthetic,synthetic,synthetic,0.4
BUILD_DD839507,CAR_9FA87001,Citroen,Xsara,14i west coast 3d,1998.0,MOD_3BD6FDD6,Stage 1 ECU Remap — Petrol Turbo,90.0,,10.4,,,synthetic,synthetic,synthetic,0.4
BUILD_CA8A0CA3,CAR_9FA87001,Citroen,Xsara,14i west coast 3d,1998.0,MOD_2F757445,Stage 2 ECU Remap — Petrol Turbo,100.0,,9.76,,,synthetic,synthetic,synthetic,0.4
BUILD_03583146,CAR_9FA87001,Citroen,Xsara,14i west coast 3d,1998.0,MOD_2CC340E6,Stage 3 ECU Remap — Petrol Turbo,119.1,,8.79,,,synthetic,synthetic,synthetic,0.4
BUILD_573156C0,CAR_D65012AE,Volkswagen,Polo,14 tsi (180bhp) gti (sensor pack) 3d dsg,2010.0,MOD_3BD6FDD6,Stage 1 ECU Remap — Petrol Turbo,213.0,312.6,6.0,,,synthetic,synthetic,synthetic,0.4
BUILD_8073EC49,CAR_D65012AE,Volkswagen,Polo,14 tsi (180bhp) gti (sensor pack) 3d dsg,2010.0,MOD_2F757445,Stage 2 ECU Remap — Petrol Turbo,229.8,336.9,5.73,,,synthetic,synthetic,synthetic,0.4
BUILD_A8B64DFD,CAR_D65012AE,Volkswagen,Polo,14 tsi (180bhp) gti (sensor pack) 3d dsg,2010.0,MOD_2CC340E6,Stage 3 ECU Remap — Petrol Turbo,278.8,407.7,5.1,,,synthetic,synthetic,synthetic,0.4
BUILD_0B92DAD7,CAR_B6340491,Audi,A7,s7 tfsi quattro (1014 ) 5d s tronic,2012.0,MOD_3BD6FDD6,Stage 1 ECU Remap — Petrol Turbo,544.5,666.2,3.98,,,synthetic,synthetic,synthetic,0.4
BUILD_2211247C,CAR_B6340491,Audi,A7,s7 tfsi quattro (1014 ) 5d s tronic,2012.0,MOD_2F757445,Stage 2 ECU Remap — Petrol Turbo,579.1,774.2,3.83,,,synthetic,synthetic,synthetic,0.4
BUILD_9AD3B93C,CAR_B6340491,Audi,A7,s7 tfsi quattro (1014 ) 5d s tronic,2012.0,MOD_2CC340E6,Stage 3 ECU Remap — Petrol Turbo,679.6,903.7,3.48,,,synthetic,synthetic,synthetic,0.4
BUILD_84326B8A,CAR_0ACB7416,Skoda,Kamiq,10 tsi 110 monte carlo 5dr,2019.0,MOD_3BD6FDD6,Stage 1 ECU Remap — Petrol Turbo,131.3,242.6,8.89,,,synthetic,synthetic,synthetic,0.4
BUILD_FAEFD8A1,CAR_0ACB7416,Skoda,Kamiq,10 tsi 110 monte carlo 5dr,2019.0,MOD_2F757445,Stage 2 ECU Remap — Petrol Turbo,145.3,281.1,8.37,,,synthetic,synthetic,synthetic,0.4
BUILD_A57421A9,CAR_0ACB7416,Skoda,Kamiq,10 tsi 110 monte carlo 5dr,2019.0,MOD_2CC340E6,Stage 3 ECU Remap — Petrol Turbo,163.1,328.1,7.81,,,synthetic,synthetic,synthetic,0.4
BUILD_DB14F22D,CAR_8F20FAFF,Mitsubishi,Lancer,20 gs ralliart sst 5d,2009.0,MOD_3BD6FDD6,Stage 1 ECU Remap — Petrol Turbo,279.8,429.7,6.25,,,synthetic,synthetic,synthetic,0.4
BUILD_CF290244,CAR_8F20FAFF,Mitsubishi,Lancer,20 gs ralliart sst 5d,2009.0,MOD_2F757445,Stage 2 ECU Remap — Petrol Turbo,308.6,486.9,5.89,,,synthetic,synthetic,synthetic,0.4
BUILD_7B0BF28A,CAR_8F20FAFF,Mitsubishi,Lancer,20 gs ralliart sst 5d,2009.0,MOD_2CC340E6,Stage 3 ECU Remap — Petrol Turbo,364.7,532.0,5.33,,,synthetic,synthetic,synthetic,0.4
BUILD_5B7761A2,CAR_D35A60F2,Volkswagen,Golf,20 tsi 320 r 4motion 5dr dsg,2020.0,MOD_3BD6FDD6,Stage 1 ECU Remap — Petrol Turbo,384.5,495.2,3.99,,,synthetic,synthetic,synthetic,0.4
BUILD_D6D394AF,CAR_D35A60F2,Volkswagen,Golf,20 tsi 320 r 4motion 5dr dsg,2020.0,MOD_2F757445,Stage 2 ECU Remap — Petrol Turbo,410.1,598.5,3.84,,,synthetic,synthetic,synthetic,0.4
BUILD_FBFCD6C9,CAR_D35A60F2,Volkswagen,Golf,20 tsi 320 r 4motion 5dr dsg,2020.0,MOD_2CC340E6,Stage 3 ECU Remap — Petrol Turbo,502.4,675.1,3.4,,,synthetic,synthetic,synthetic,0.4
BUILD_1DA01CA7,CAR_F1A92C37,Audi,A3,rs 3 tfsi qtro 400 carbon vorsprung 5dr s tronic,2021.0,MOD_3BD6FDD6,Stage 1 ECU Remap — Petrol Turbo,470.1,607.4,3.33,,,synthetic,synthetic,synthetic,0.4
BUILD_29D35535,CAR_F1A92C37,Audi,A3,rs 3 tfsi qtro 400 carbon vorsprung 5dr s tronic,2021.0,MOD_2F757445,Stage 2 ECU Remap — Petrol Turbo,511.9,681.4,3.16,,,synthetic,synthetic,synthetic,0.4
BUILD_9FEB325B,CAR_F1A92C37,Audi,A3,rs 3 tfsi qtro 400 carbon vorsprung 5dr s tronic,2021.0,MOD_2CC340E6,Stage 3 ECU Remap — Petrol Turbo,617.5,812.6,2.83,,,synthetic,synthetic,synthetic,0.4
BUILD_B67D52BA,CAR_9E57EE98,Audi,A3,14 tfsi (150bhp) s line (nav) 4d,2013.0,MOD_3BD6FDD6,Stage 1 ECU Remap — Petrol Turbo,177.7,312.2,7.05,,,synthetic,synthetic,synthetic,0.4
BUILD_16547787,CAR_9E57EE98,Audi,A3,14 tfsi (150bhp) s line (nav) 4d,2013.0,MOD_2F757445,Stage 2 ECU Remap — Petrol Turbo,188.0,344.9,6.82,,,synthetic,synthetic,synthetic,0.4
BUILD_D3142DB5,CAR_9E57EE98,Audi,A3,14 tfsi (150bhp) s line (nav) 4d,2013.0,MOD_2CC340E6,Stage 3 ECU Remap — Petrol Turbo,221.3,401.2,6.18,,,synthetic,synthetic,synthetic,0.4
BUILD_96C0B888,CAR_982242D4,Audi,Q8,sq8 tfsi qtro 507 black ed 5dr tiptronic tech pro,2024.0,MOD_3BD6FDD6,Stage 1 ECU Remap — Petrol Turbo,585.9,969.3,3.63,,,synthetic,synthetic,synthetic,0.4
BUILD_B1424B0B,CAR_982242D4,Audi,Q8,sq8 tfsi qtro 507 black ed 5dr tiptronic tech pro,2024.0,MOD_2F757445,Stage 2 ECU Remap — Petrol Turbo,651.2,1033.1,3.41,,,synthetic,synthetic,synthetic,0.4
BUILD_2E7633BA,CAR_982242D4,Audi,Q8,sq8 tfsi qtro 507 black ed 5dr tiptronic tech pro,2024.0,MOD_2CC340E6,Stage 3 ECU Remap — Petrol Turbo,755.6,1252.1,3.12,,,synthetic,synthetic,synthetic,0.4
BUILD_A0C29548,CAR_4837E347,Skoda,Octavia,12 tsi s 5d,2004.0,MOD_3BD6FDD6,Stage 1 ECU Remap — Petrol Turbo,122.8,206.5,9.45,,,synthetic,synthetic,synthetic,0.4
BUILD_5E19AD87,CAR_4837E347,Skoda,Octavia,12 tsi s 5d,2004.0,MOD_2F757445,Stage 2 ECU Remap — Petrol Turbo,131.7,245.0,9.06,,,synthetic,synthetic,synthetic,0.4
BUILD_57215E28,CAR_4837E347,Skoda,Octavia,12 tsi s 5d,2004.0,MOD_2CC340E6,Stage 3 ECU Remap — Petrol Turbo,155.2,285.6,8.21,,,synthetic,synthetic,synthetic,0.4
BUILD_6CA861AC,CAR_6DEF0D98,Audi,A1,s1 tfsi quattro 3d,2014.0,MOD_3BD6FDD6,Stage 1 ECU Remap — Petrol Turbo,272.5,435.9,5.02,,,synthetic,synthetic,synthetic,0.4
BUILD_56F097BA,CAR_6DEF0D98,Audi,A1,s1 tfsi quattro 3d,2014.0,MOD_2F757445,Stage 2 ECU Remap — Petrol Turbo,290.2,528.6,4.83,,,synthetic,synthetic,synthetic,0.4
BUILD_93C3348D,CAR_6DEF0D98,Audi,A1,s1 tfsi quattro 3d,2014.0,MOD_2CC340E6,Stage 3 ECU Remap — Petrol Turbo,349.0,587.2,4.33,,,synthetic,synthetic,synthetic,0.4
BUILD_F9E000DF,CAR_DE526989,Bmw,Alpina,b3 30 bi turbo 2d switch tronic,2008.0,MOD_3BD6FDD6,Stage 1 ECU Remap — Petrol Turbo,428.8,632.4,4.28,,,synthetic,synthetic,synthetic,0.4
BUILD_7B32368D,CAR_DE526989,Bmw,Alpina,b3 30 bi turbo 2d switch tronic,2008.0,MOD_2F757445,Stage 2 ECU Remap — Petrol Turbo,484.5,702.7,3.98,,,synthetic,synthetic,synthetic,0.4
BUILD_146DD725,CAR_DE526989,Bmw,Alpina,b3 30 bi turbo 2d switch tronic,2008.0,MOD_2CC340E6,Stage 3 ECU Remap — Petrol Turbo,544.3,779.2,3.71,,,synthetic,synthetic,synthetic,0.4
BUILD_05EE18B2,CAR_F8FF7E0D,Seat,Leon,12 tsi (110bhp) s 3d,2013.0,MOD_3BD6FDD6,Stage 1 ECU Remap — Petrol Turbo,130.4,214.5,8.39,,,synthetic,synthetic,synthetic,0.4
BUILD_04470472,CAR_F8FF7E0D,Seat,Leon,12 tsi (110bhp) s 3d,2013.0,MOD_2F757445,Stage 2 ECU Remap — Petrol Turbo,141.7,248.6,7.99,,,synthetic,synthetic,synthetic,0.4
BUILD_6D1A1923,CAR_F8FF7E0D,Seat,Leon,12 tsi (110bhp) s 3d,2013.0,MOD_2CC340E6,Stage 3 ECU Remap — Petrol Turbo,163.2,279.9,7.34,,,synthetic,synthetic,synthetic,0.4
BUILD_DAAF036B,CAR_A72772C7,Subaru,Wrx,25 wrx sti type uk 4d,2014.0,MOD_3BD6FDD6,Stage 1 ECU Remap — Petrol Turbo,333.7,495.3,4.64,,,synthetic,synthetic,synthetic,0.4
BUILD_954910B1,CAR_A72772C7,Subaru,Wrx,25 wrx sti type uk 4d,2014.0,MOD_2F757445,Stage 2 ECU Remap — Petrol Turbo,376.3,546.1,4.32,,,synthetic,synthetic,synthetic,0.4
BUILD_BE1431E9,CAR_A72772C7,Subaru,Wrx,25 wrx sti type uk 4d,2014.0,MOD_2CC340E6,Stage 3 ECU Remap — Petrol Turbo,446.0,657.3,3.9,,,synthetic,synthetic,synthetic,0.4
BUILD_E189D094,CAR_73ED33AE,Seat,Leon,10 etsi fr dsg 5d,2020.0,MOD_3BD6FDD6,Stage 1 ECU Remap — Petrol Turbo,130.1,245.7,9.21,,,synthetic,synthetic,synthetic,0.4
BUILD_F66354DC,CAR_73ED33AE,Seat,Leon,10 etsi fr dsg 5d,2020.0,MOD_2F757445,Stage 2 ECU Remap — Petrol Turbo,147.6,273.5,8.54,,,synthetic,synthetic,synthetic,0.4
BUILD_3529384F,CAR_73ED33AE,Seat,Leon,10 etsi fr dsg 5d,2020.0,MOD_2CC340E6,Stage 3 ECU Remap — Petrol Turbo,165.1,327.4,7.98,,,synthetic,synthetic,synthetic,0.4
BUILD_BB5E9DCA,CAR_53930883,Audi,A3,s3 tfsi black ed quattro 4dr s tronic [tech pro],2020.0,MOD_3BD6FDD6,Stage 1 ECU Remap — Petrol Turbo,351.5,506.5,4.22,,,synthetic,synthetic,synthetic,0.4
BUILD_4D9C55CC,CAR_53930883,Audi,A3,s3 tfsi black ed quattro 4dr s tronic [tech pro],2020.0,MOD_2F757445,Stage 2 ECU Remap — Petrol Turbo,387.7,570.8,3.98,,,synthetic,synthetic,synthetic,0.4
BUILD_FBC21632,CAR_53930883,Audi,A3,s3 tfsi black ed quattro 4dr s tronic [tech pro],2020.0,MOD_2CC340E6,Stage 3 ECU Remap — Petrol Turbo,458.8,655.6,3.6,,,synthetic,synthetic,synthetic,0.4
BUILD_9E11A9D8,CAR_D6E6EBFD,Skoda,Octavia,18 tsi scout 4x4 (09) 5d,2007.0,MOD_3BD6FDD6,Stage 1 ECU Remap — Petrol Turbo,185.7,317.3,7.32,,,synthetic,synthetic,synthetic,0.4
BUILD_1515B905,CAR_D6E6EBFD,Skoda,Octavia,18 tsi scout 4x4 (09) 5d,2007.0,MOD_2F757445,Stage 2 ECU Remap — Petrol Turbo,200.5,346.3,6.99,,,synthetic,synthetic,synthetic,0.4
BUILD_BDC3B8ED,CAR_D6E6EBFD,Skoda,Octavia,18 tsi scout 4x4 (09) 5d,2007.0,MOD_2CC340E6,Stage 3 ECU Remap — Petrol Turbo,250.7,400.6,6.12,,,synthetic,synthetic,synthetic,0.4
BUILD_BC4DC053,CAR_5AA56957,Volkswagen,Beetle Dune,12 tsi bmt 105ps 2d,2016.0,MOD_3BD6FDD6,Stage 1 ECU Remap — Petrol Turbo,122.9,216.9,10.52,,,synthetic,synthetic,synthetic,0.4
BUILD_8EB37BC6,CAR_5AA56957,Volkswagen,Beetle Dune,12 tsi bmt 105ps 2d,2016.0,MOD_2F757445,Stage 2 ECU Remap — Petrol Turbo,135.5,243.7,9.92,,,synthetic,synthetic,synthetic,0.4
BUILD_3CA1CE59,CAR_5AA56957,Volkswagen,Beetle Dune,12 tsi bmt 105ps 2d,2016.0,MOD_2CC340E6,Stage 3 ECU Remap — Petrol Turbo,160.5,287.0,8.97,,,synthetic,synthetic,synthetic,0.4
BUILD_0708497F,CAR_8A2CC4C4,Audi,A1,25 tfsi black edition 5dr,2018.0,MOD_3BD6FDD6,Stage 1 ECU Remap — Petrol Turbo,105.5,209.7,9.83,,,synthetic,synthetic,synthetic,0.4
BUILD_33401C50,CAR_8A2CC4C4,Audi,A1,25 tfsi black edition 5dr,2018.0,MOD_2F757445,Stage 2 ECU Remap — Petrol Turbo,126.9,248.3,8.8,,,synthetic,synthetic,synthetic,0.4
BUILD_0E02DCCE,CAR_8A2CC4C4,Audi,A1,25 tfsi black edition 5dr,2018.0,MOD_2CC340E6,Stage 3 ECU Remap — Petrol Turbo,143.7,282.1,8.16,,,synthetic,synthetic,synthetic,0.4
BUILD_348C66FD,CAR_04964722,Volkswagen,Caddy Maxi,15 tsi 116 5dr,2021.0,MOD_3BD6FDD6,Stage 1 ECU Remap — Petrol Turbo,132.0,261.5,10.99,,,synthetic,synthetic,synthetic,0.4
BUILD_F4819D01,CAR_04964722,Volkswagen,Caddy Maxi,15 tsi 116 5dr,2021.0,MOD_2F757445,Stage 2 ECU Remap — Petrol Turbo,150.1,300.4,10.17,,,synthetic,synthetic,synthetic,0.4
BUILD_BF0F021C,CAR_04964722,Volkswagen,Caddy Maxi,15 tsi 116 5dr,2021.0,MOD_2CC340E6,Stage 3 ECU Remap — Petrol Turbo,177.7,342.7,9.19,,,synthetic,synthetic,synthetic,0.4
BUILD_2E6E437A,CAR_31D3B274,Honda,Civic,20 vtec turbo type r 5dr,2023.0,MOD_3BD6FDD6,Stage 1 ECU Remap — Petrol Turbo,397.7,532.8,4.6,,,synthetic,synthetic,synthetic,0.4
BUILD_31C1281B,CAR_31D3B274,Honda,Civic,20 vtec turbo type r 5dr,2023.0,MOD_2F757445,Stage 2 ECU Remap — Petrol Turbo,434.1,581.1,4.36,,,synthetic,synthetic,synthetic,0.4
BUILD_24C155E3,CAR_31D3B274,Honda,Civic,20 vtec turbo type r 5dr,2023.0,MOD_2CC340E6,Stage 3 ECU Remap — Petrol Turbo,496.0,685.2,4.03,,,synthetic,synthetic,synthetic,0.4
BUILD_20EB13A1,CAR_F78CF5E6,Ford,S Max,15 ecoboost titanium (x pack) 5d,2015.0,MOD_3BD6FDD6,Stage 1 ECU Remap — Petrol Turbo,188.2,284.7,8.61,,,synthetic,synthetic,synthetic,0.4
BUILD_6748C756,CAR_F78CF5E6,Ford,S Max,15 ecoboost titanium (x pack) 5d,2015.0,MOD_2F757445,Stage 2 ECU Remap — Petrol Turbo,213.7,338.9,7.98,,,synthetic,synthetic,synthetic,0.4
BUILD_2506FBED,CAR_F78CF5E6,Ford,S Max,15 ecoboost titanium (x pack) 5d,2015.0,MOD_2CC340E6,Stage 3 ECU Remap — Petrol Turbo,250.4,389.4,7.25,,,synthetic,synthetic,synthetic,0.4
BUILD_B1886A38,CAR_6319FBA0,Ford,Fiesta,16 ecoboost st 3d,2012.0,MOD_3BD6FDD6,Stage 1 ECU Remap — Petrol Turbo,213.3,290.8,6.03,,,synthetic,synthetic,synthetic,0.4
BUILD_0D8927A5,CAR_6319FBA0,Ford,Fiesta,16 ecoboost st 3d,2012.0,MOD_2F757445,Stage 2 ECU Remap — Petrol Turbo,244.0,340.0,5.56,,,synthetic,synthetic,synthetic,0.4
BUILD_F29275D1,CAR_6319FBA0,Ford,Fiesta,16 ecoboost st 3d,2012.0,MOD_2CC340E6,Stage 3 ECU Remap — Petrol Turbo,269.3,372.6,5.24,,,synthetic,synthetic,synthetic,0.4
BUILD_B37FA726,CAR_03459E71,Skoda,Superb,14 tsi s (0713 ) 5d,2008.0,MOD_3BD6FDD6,Stage 1 ECU Remap — Petrol Turbo,143.6,250.2,9.3,,,synthetic,synthetic,synthetic,0.4
BUILD_02E0D04B,CAR_03459E71,Skoda,Superb,14 tsi s (0713 ) 5d,2008.0,MOD_2F757445,Stage 2 ECU Remap — Petrol Turbo,168.4,269.0,8.45,,,synthetic,synthetic,synthetic,0.4
BUILD_A527C728,CAR_03459E71,Skoda,Superb,14 tsi s (0713 ) 5d,2008.0,MOD_2CC340E6,Stage 3 ECU Remap — Petrol Turbo,191.8,317.6,7.81,,,synthetic,synthetic,synthetic,0.4
BUILD_0651ABFA,CAR_ECB5FAFF,Audi,Tt,25t fsi tt rs plus quattro coupe 2d,2009.0,MOD_3BD6FDD6,Stage 1 ECU Remap — Petrol Turbo,434.4,583.2,3.71,,,synthetic,synthetic,synthetic,0.4
BUILD_84C1D092,CAR_ECB5FAFF,Audi,Tt,25t fsi tt rs plus quattro coupe 2d,2009.0,MOD_2F757445,Stage 2 ECU Remap — Petrol Turbo,479.3,640.2,3.5,,,synthetic,synthetic,synthetic,0.4
BUILD_5EABDF8C,CAR_ECB5FAFF,Audi,Tt,25t fsi tt rs plus quattro coupe 2d,2009.0,MOD_2CC340E6,Stage 3 ECU Remap — Petrol Turbo,545.7,733.5,3.24,,,synthetic,synthetic,synthetic,0.4
BUILD_41055910,CAR_3138D4CA,Ford,Fiesta,1 (navigation) 10t ecoboost 100ps 5d,2018.0,MOD_3BD6FDD6,Stage 1 ECU Remap — Petrol Turbo,111.3,213.6,9.54,,,synthetic,synthetic,synthetic,0.4
BUILD_8EAE7835,CAR_3138D4CA,Ford,Fiesta,1 (navigation) 10t ecoboost 100ps 5d,2018.0,MOD_2F757445,Stage 2 ECU Remap — Petrol Turbo,132.4,243.1,8.6,,,synthetic,synthetic,synthetic,0.4
BUILD_08B4B3CD,CAR_3138D4CA,Ford,Fiesta,1 (navigation) 10t ecoboost 100ps 5d,2018.0,MOD_2CC340E6,Stage 3 ECU Remap — Petrol Turbo,156.8,272.9,7.77,,,synthetic,synthetic,synthetic,0.4
BUILD_48B509A8,CAR_4462A91A,Volkswagen,Caddy Maxi Life,10 tsi maxi life c20 5d,2015.0,MOD_3BD6FDD6,Stage 1 ECU Remap — Petrol Turbo,120.7,221.3,10.81,,,synthetic,synthetic,synthetic,0.4
BUILD_95168AF7,CAR_4462A91A,Volkswagen,Caddy Maxi Life,10 tsi maxi life c20 5d,2015.0,MOD_2F757445,Stage 2 ECU Remap — Petrol Turbo,135.5,237.1,10.08,,,synthetic,synthetic,synthetic,0.4
BUILD_648F4BDC,CAR_4462A91A,Volkswagen,Caddy Maxi Life,10 tsi maxi life c20 5d,2015.0,MOD_2CC340E6,Stage 3 ECU Remap — Petrol Turbo,154.5,273.5,9.32,,,synthetic,synthetic,synthetic,0.4
BUILD_3B31E300,CAR_722C6215,Volkswagen,Eos,14 s tsi 2d,2006.0,MOD_3BD6FDD6,Stage 1 ECU Remap — Petrol Turbo,147.0,246.1,9.38,,,synthetic,synthetic,synthetic,0.4
BUILD_6CA4C688,CAR_722C6215,Volkswagen,Eos,14 s tsi 2d,2006.0,MOD_2F757445,Stage 2 ECU Remap — Petrol Turbo,155.1,279.4,9.09,,,synthetic,synthetic,synthetic,0.4
BUILD_D02483F9,CAR_722C6215,Volkswagen,Eos,14 s tsi 2d,2006.0,MOD_2CC340E6,Stage 3 ECU Remap — Petrol Turbo,187.4,317.2,8.11,,,synthetic,synthetic,synthetic,0.4
BUILD_F238ED5D,CAR_03A0CC4F,Audi,Q3,15 tfsi edition 1 5dr s tronic,2025.0,MOD_3BD6FDD6,Stage 1 ECU Remap — Petrol Turbo,167.8,309.3,8.41,,,synthetic,synthetic,synthetic,0.4
BUILD_6540C027,CAR_03A0CC4F,Audi,Q3,15 tfsi edition 1 5dr s tronic,2025.0,MOD_2F757445,Stage 2 ECU Remap — Petrol Turbo,194.3,351.8,7.7,,,synthetic,synthetic,synthetic,0.4
BUILD_614DD0AC,CAR_03A0CC4F,Audi,Q3,15 tfsi edition 1 5dr s tronic,2025.0,MOD_2CC340E6,Stage 3 ECU Remap — Petrol Turbo,228.1,408.8,6.99,,,synthetic,synthetic,synthetic,0.4
BUILD_0DA1141C,CAR_0A783ACB,Audi,A7,40t fsi v8 bi turbo rs7 quattro 5d tip auto,2013.0,MOD_3BD6FDD6,Stage 1 ECU Remap — Petrol Turbo,654.2,858.3,3.43,,,synthetic,synthetic,synthetic,0.4
BUILD_214CB477,CAR_0A783ACB,Audi,A7,40t fsi v8 bi turbo rs7 quattro 5d tip auto,2013.0,MOD_2F757445,Stage 2 ECU Remap — Petrol Turbo,749.4,959.2,3.16,,,synthetic,synthetic,synthetic,0.4
BUILD_A3BF37EE,CAR_0A783ACB,Audi,A7,40t fsi v8 bi turbo rs7 quattro 5d tip auto,2013.0,MOD_2CC340E6,Stage 3 ECU Remap — Petrol Turbo,835.4,1087.0,2.96,,,synthetic,synthetic,synthetic,0.4
BUILD_B0F4F1A1,CAR_BFA5A427,Volkswagen,Golf,10 tsi life 5dr,2021.0,MOD_3BD6FDD6,Stage 1 ECU Remap — Petrol Turbo,130.2,246.4,9.12,,,synthetic,synthetic,synthetic,0.4
BUILD_5901B449,CAR_BFA5A427,Volkswagen,Golf,10 tsi life 5dr,2021.0,MOD_2F757445,Stage 2 ECU Remap — Petrol Turbo,144.8,270.3,8.55,,,synthetic,synthetic,synthetic,0.4
BUILD_B102CFA1,CAR_BFA5A427,Volkswagen,Golf,10 tsi life 5dr,2021.0,MOD_2CC340E6,Stage 3 ECU Remap — Petrol Turbo,163.5,310.3,7.95,,,synthetic,synthetic,synthetic,0.4
BUILD_5448DA1E,CAR_1AA07D87,Peugeot,308,16 thp (250bhp) gti by peugeot sport 5d,2015.0,MOD_3BD6FDD6,Stage 1 ECU Remap — Petrol Turbo,286.6,405.6,5.47,,,synthetic,synthetic,synthetic,0.4
BUILD_02725049,CAR_1AA07D87,Peugeot,308,16 thp (250bhp) gti by peugeot sport 5d,2015.0,MOD_2F757445,Stage 2 ECU Remap — Petrol Turbo,322.1,453.3,5.1,,,synthetic,synthetic,synthetic,0.4
BUILD_DA816C77,CAR_1AA07D87,Peugeot,308,16 thp (250bhp) gti by peugeot sport 5d,2015.0,MOD_2CC340E6,Stage 3 ECU Remap — Petrol Turbo,391.2,523.0,4.54,,,synthetic,synthetic,synthetic,0.4
BUILD_96FD5808,CAR_8AC2251F,Peugeot,207,16 16v gti thp (175bhp) 3d,2007.0,MOD_3BD6FDD6,Stage 1 ECU Remap — Petrol Turbo,203.2,324.6,6.24,,,synthetic,synthetic,synthetic,0.4
BUILD_BFFEA779,CAR_8AC2251F,Peugeot,207,16 16v gti thp (175bhp) 3d,2007.0,MOD_2F757445,Stage 2 ECU Remap — Petrol Turbo,225.3,362.0,5.87,,,synthetic,synthetic,synthetic,0.4
BUILD_C8D1A378,CAR_8AC2251F,Peugeot,207,16 16v gti thp (175bhp) 3d,2007.0,MOD_2CC340E6,Stage 3 ECU Remap — Petrol Turbo,272.8,427.7,5.23,,,synthetic,synthetic,synthetic,0.4
BUILD_7FC4CC8C,CAR_0675C857,Seat,Alhambra,14 tsi s 5d,2010.0,MOD_3BD6FDD6,Stage 1 ECU Remap — Petrol Turbo,168.3,315.7,8.85,,,synthetic,synthetic,synthetic,0.4
BUILD_F6284DE2,CAR_0675C857,Seat,Alhambra,14 tsi s 5d,2010.0,MOD_2F757445,Stage 2 ECU Remap — Petrol Turbo,193.9,339.0,8.13,,,synthetic,synthetic,synthetic,0.4
BUILD_8A5FB95F,CAR_0675C857,Seat,Alhambra,14 tsi s 5d,2010.0,MOD_2CC340E6,Stage 3 ECU Remap — Petrol Turbo,227.2,412.0,7.39,,,synthetic,synthetic,synthetic,0.4
BUILD_BD8C5B32,CAR_490B1650,Ford,Ecosport,10 ecoboost (140bhp) titanium s 5d,2014.0,MOD_3BD6FDD6,Stage 1 ECU Remap — Petrol Turbo,162.7,216.5,10.33,,,synthetic,synthetic,synthetic,0.4
BUILD_69A41551,CAR_490B1650,Ford,Ecosport,10 ecoboost (140bhp) titanium s 5d,2014.0,MOD_2F757445,Stage 2 ECU Remap — Petrol Turbo,184.0,243.7,9.59,,,synthetic,synthetic,synthetic,0.4
BUILD_BDE892FB,CAR_490B1650,Ford,Ecosport,10 ecoboost (140bhp) titanium s 5d,2014.0,MOD_2CC340E6,Stage 3 ECU Remap — Petrol Turbo,208.0,281.3,8.91,,,synthetic,synthetic,synthetic,0.4
BUILD_76DCE0FD,CAR_AEE114ED,Skoda,Octavia,12 tsi (110bhp) s 5d,2013.0,MOD_3BD6FDD6,Stage 1 ECU Remap — Petrol Turbo,123.4,207.4,9.14,,,synthetic,synthetic,synthetic,0.4
BUILD_AF53FCCE,CAR_AEE114ED,Skoda,Octavia,12 tsi (110bhp) s 5d,2013.0,MOD_2F757445,Stage 2 ECU Remap — Petrol Turbo,138.7,244.0,8.52,,,synthetic,synthetic,synthetic,0.4
BUILD_D5762052,CAR_AEE114ED,Skoda,Octavia,12 tsi (110bhp) s 5d,2013.0,MOD_2CC340E6,Stage 3 ECU Remap — Petrol Turbo,164.0,277.3,7.71,,,synthetic,synthetic,synthetic,0.4
